Unnamed: 0,Age,Sex,Job,Housing,Saving accounts,Checking account,Credit amount,Duration,Purpose,Risk
0.0,67.0,1,2.0,1,0,0,1169.0,6.0,5,1
1.0,22.0,0,2.0,1,0,1,5951.0,48.0,5,0
2.0,49.0,1,1.0,1,0,0,2096.0,12.0,3,1
3.0,45.0,1,2.0,0,0,0,7882.0,42.0,4,1
4.0,53.0,1,2.0,0,0,0,4870.0,24.0,1,0
5.0,35.0,1,1.0,0,0,0,9055.0,36.0,3,1
6.0,53.0,1,2.0,1,2,0,2835.0,24.0,4,1
7.0,35.0,1,3.0,2,0,1,6948.0,36.0,1,1
8.0,61.0,1,1.0,1,3,0,3059.0,12.0,5,1
9.0,28.0,1,3.0,1,0,1,5234.0,30.0,1,0
10.0,25.0,0,2.0,2,0,1,1295.0,12.0,1,0
11.0,24.0,0,2.0,2,0,0,4308.0,48.0,0,0
12.0,22.0,0,2.0,1,0,1,1567.0,12.0,5,1
13.0,60.0,1,1.0,1,0,0,1199.0,24.0,1,0
14.0,28.0,0,2.0,2,0,0,1403.0,15.0,1,1
15.0,32.0,0,1.0,1,1,0,1282.0,24.0,5,0
16.0,53.0,1,2.0,1,0,0,2424.0,24.0,5,1
17.0,25.0,1,2.0,1,0,0,8072.0,30.0,0,1
18.0,44.0,0,3.0,0,0,1,12579.0,24.0,1,0
19.0,31.0,1,2.0,1,2,0,3430.0,24.0,5,1
20.0,48.0,1,2.0,1,0,0,2134.0,9.0,1,1
21.0,44.0,1,2.0,2,2,0,2647.0,6.0,5,1
22.0,48.0,1,1.0,2,0,0,2241.0,10.0,1,1
23.0,44.0,1,2.0,1,1,1,1804.0,12.0,1,1
24.0,26.0,1,2.0,1,0,0,2069.0,10.0,4,1
25.0,36.0,1,1.0,1,0,0,1374.0,6.0,4,1
26.0,39.0,1,1.0,1,0,0,426.0,6.0,5,1
27.0,42.0,0,2.0,2,3,2,409.0,12.0,5,1
28.0,34.0,1,2.0,1,0,1,2415.0,7.0,5,1
29.0,63.0,1,2.0,1,0,0,6836.0,60.0,0,0
30.0,36.0,1,2.0,1,3,1,1913.0,18.0,0,1
31.0,27.0,1,2.0,1,0,0,4020.0,24.0,4,1
32.0,30.0,1,2.0,1,1,1,5866.0,18.0,1,1
33.0,57.0,1,1.0,2,0,0,1264.0,12.0,0,1
34.0,33.0,0,3.0,1,0,2,1474.0,12.0,4,1
35.0,25.0,1,1.0,1,0,1,4746.0,45.0,5,0
36.0,31.0,1,2.0,0,0,0,6110.0,48.0,3,1
37.0,37.0,1,2.0,1,0,2,2100.0,18.0,5,0
38.0,37.0,1,2.0,1,0,2,1225.0,10.0,2,1
39.0,24.0,1,2.0,1,0,1,458.0,9.0,5,1
40.0,30.0,1,3.0,1,2,0,2333.0,30.0,5,1
41.0,26.0,1,2.0,1,2,1,1158.0,12.0,5,1
42.0,44.0,1,1.0,1,0,1,6204.0,18.0,6,1
43.0,24.0,1,2.0,2,1,0,6187.0,30.0,1,1
44.0,58.0,0,1.0,0,0,0,6143.0,48.0,1,0
45.0,35.0,0,3.0,1,0,0,1393.0,11.0,1,1
46.0,39.0,1,2.0,1,2,0,2299.0,36.0,5,1
47.0,23.0,0,0.0,2,2,0,1352.0,6.0,1,1
48.0,39.0,1,1.0,1,0,0,7228.0,11.0,1,1
49.0,28.0,0,2.0,1,1,0,2073.0,12.0,5,1
50.0,29.0,1,1.0,1,0,1,2333.0,24.0,4,1
51.0,30.0,1,3.0,1,0,1,5965.0,27.0,1,1
52.0,25.0,1,2.0,1,0,0,1262.0,12.0,5,1
53.0,31.0,1,2.0,1,0,0,3378.0,18.0,1,1
54.0,57.0,1,2.0,0,0,1,2225.0,36.0,1,0
55.0,26.0,1,1.0,1,0,0,783.0,6.0,1,1
56.0,52.0,1,3.0,1,0,1,6468.0,12.0,5,0
57.0,31.0,0,2.0,1,0,0,9566.0,36.0,5,1
58.0,23.0,0,3.0,1,0,2,1961.0,18.0,1,1
59.0,23.0,0,1.0,2,0,0,6229.0,36.0,4,0
60.0,27.0,1,2.0,1,0,1,1391.0,9.0,0,1
61.0,50.0,1,2.0,1,0,1,1537.0,15.0,5,1
62.0,61.0,1,3.0,0,0,1,1953.0,36.0,0,0
63.0,25.0,1,2.0,1,0,1,14421.0,48.0,0,0
64.0,26.0,0,2.0,1,0,0,3181.0,24.0,5,1
65.0,48.0,1,2.0,1,0,0,5190.0,27.0,6,1
66.0,29.0,0,2.0,1,0,0,2171.0,12.0,5,1
67.0,22.0,1,2.0,1,3,1,1007.0,12.0,1,1
68.0,37.0,1,2.0,0,0,0,1819.0,36.0,3,0
69.0,25.0,0,2.0,1,0,0,2394.0,36.0,5,1
70.0,30.0,0,2.0,1,0,0,8133.0,36.0,1,1
71.0,46.0,1,1.0,2,0,0,730.0,7.0,5,1
72.0,51.0,1,3.0,0,0,0,1164.0,8.0,7,1
73.0,41.0,0,1.0,1,0,1,5954.0,42.0,0,1
74.0,40.0,1,3.0,1,0,0,1977.0,36.0,3,0
75.0,66.0,1,3.0,0,0,0,1526.0,12.0,1,1
76.0,34.0,1,2.0,1,0,0,3965.0,42.0,5,0
77.0,51.0,1,2.0,1,0,1,4771.0,11.0,5,1
78.0,39.0,1,1.0,1,0,0,9436.0,54.0,1,1
79.0,22.0,1,2.0,1,0,1,3832.0,30.0,4,1
80.0,44.0,0,2.0,1,0,0,5943.0,24.0,5,0
81.0,47.0,1,2.0,1,2,0,1213.0,15.0,5,1
82.0,24.0,0,1.0,2,1,0,1568.0,18.0,0,1
83.0,58.0,0,1.0,1,0,0,1755.0,24.0,7,1
84.0,52.0,1,1.0,1,0,0,2315.0,10.0,5,1
85.0,29.0,0,3.0,1,0,0,1412.0,12.0,0,1
86.0,27.0,0,2.0,1,0,1,1295.0,18.0,4,1
87.0,47.0,1,2.0,0,1,1,12612.0,36.0,3,0
88.0,30.0,1,3.0,1,1,0,2249.0,18.0,1,1
89.0,28.0,1,2.0,1,0,0,1108.0,12.0,6,0
90.0,56.0,1,2.0,1,0,0,618.0,12.0,5,1
91.0,54.0,1,2.0,1,0,0,1409.0,12.0,1,1
92.0,33.0,0,1.0,1,0,0,797.0,12.0,5,0
93.0,20.0,1,2.0,2,0,2,3617.0,24.0,4,1
94.0,54.0,1,2.0,1,3,1,1318.0,12.0,1,1
95.0,58.0,1,2.0,2,0,1,15945.0,54.0,0,0
96.0,61.0,0,2.0,1,0,0,2012.0,12.0,3,1
97.0,34.0,1,2.0,1,1,1,2622.0,18.0,0,1
98.0,36.0,1,2.0,1,0,1,2337.0,36.0,5,1
99.0,36.0,1,3.0,2,0,1,7057.0,20.0,1,1
100.0,41.0,1,1.0,2,1,0,1469.0,24.0,1,1
101.0,24.0,1,2.0,2,0,1,2323.0,36.0,5,1
102.0,24.0,0,2.0,1,0,0,932.0,6.0,5,1
103.0,35.0,1,2.0,2,0,1,1919.0,9.0,4,1
104.0,26.0,1,2.0,2,0,0,2445.0,12.0,1,1
105.0,39.0,1,3.0,1,0,1,11938.0,24.0,7,0
106.0,39.0,1,3.0,1,0,0,6458.0,18.0,1,0
107.0,32.0,1,2.0,1,0,1,6078.0,12.0,1,1
108.0,30.0,0,2.0,1,0,0,7721.0,24.0,4,1
109.0,35.0,1,2.0,1,2,1,1410.0,14.0,0,1
110.0,31.0,1,2.0,1,1,1,1449.0,6.0,0,1
111.0,23.0,0,2.0,2,0,2,392.0,15.0,3,1
112.0,28.0,1,1.0,2,0,1,6260.0,18.0,1,1
113.0,25.0,0,2.0,1,0,0,7855.0,36.0,1,0
114.0,35.0,1,2.0,1,2,0,1680.0,12.0,5,1
115.0,47.0,1,2.0,1,0,0,3578.0,48.0,5,1
116.0,30.0,0,3.0,1,0,0,7174.0,42.0,5,0
117.0,27.0,0,2.0,2,0,0,2132.0,10.0,4,1
118.0,23.0,0,2.0,1,2,0,4281.0,33.0,4,0
119.0,36.0,1,3.0,1,2,1,2366.0,12.0,1,1
120.0,25.0,0,2.0,1,0,0,1835.0,21.0,5,0
121.0,41.0,0,3.0,2,0,0,3868.0,24.0,1,1
122.0,24.0,1,1.0,2,0,0,1768.0,12.0,4,1
123.0,63.0,1,2.0,0,0,2,781.0,10.0,1,1
124.0,27.0,0,2.0,2,0,1,1924.0,18.0,4,0
125.0,30.0,1,2.0,1,0,0,2121.0,12.0,1,1
126.0,40.0,1,1.0,1,0,0,701.0,12.0,5,1
127.0,30.0,1,2.0,1,0,1,639.0,12.0,6,0
128.0,34.0,1,3.0,1,0,1,1860.0,12.0,1,1
129.0,29.0,0,2.0,1,0,0,3499.0,12.0,1,0
130.0,24.0,0,2.0,1,0,1,8487.0,48.0,1,1
131.0,29.0,1,2.0,1,0,0,6887.0,36.0,3,0
132.0,27.0,1,1.0,1,0,0,2708.0,15.0,4,1
133.0,47.0,1,2.0,0,0,0,1984.0,18.0,4,1
134.0,21.0,0,2.0,1,1,0,10144.0,60.0,5,1
135.0,38.0,0,2.0,1,0,0,1240.0,12.0,5,1
136.0,27.0,1,2.0,1,3,0,8613.0,27.0,1,1
137.0,66.0,1,1.0,1,2,1,766.0,12.0,5,0
138.0,35.0,1,2.0,1,0,1,2728.0,15.0,5,1
139.0,44.0,0,1.0,2,0,2,1881.0,12.0,5,1
140.0,27.0,1,0.0,1,3,2,709.0,6.0,1,1
141.0,30.0,0,3.0,1,0,1,4795.0,36.0,5,1
142.0,27.0,1,3.0,1,0,0,3416.0,27.0,5,1
143.0,22.0,1,2.0,1,0,0,2462.0,18.0,4,0
144.0,23.0,0,2.0,1,0,0,2288.0,21.0,4,1
145.0,30.0,1,2.0,1,1,1,3566.0,48.0,0,1
146.0,39.0,0,2.0,1,0,0,860.0,6.0,1,1
147.0,51.0,0,2.0,1,1,0,682.0,12.0,1,1
148.0,28.0,1,2.0,1,0,0,5371.0,36.0,4,1
149.0,46.0,1,2.0,1,3,0,1582.0,18.0,5,1
150.0,42.0,1,2.0,0,1,0,1346.0,6.0,5,1
151.0,38.0,1,2.0,1,0,0,1924.0,10.0,5,1
152.0,24.0,1,2.0,1,0,2,5848.0,36.0,5,1
153.0,29.0,0,2.0,2,3,1,7758.0,24.0,1,1
154.0,36.0,1,3.0,2,1,1,6967.0,24.0,0,1
155.0,20.0,0,2.0,2,0,0,1282.0,12.0,4,0
156.0,48.0,1,2.0,1,1,0,1288.0,9.0,6,1
157.0,45.0,1,1.0,1,0,0,339.0,12.0,3,1
158.0,38.0,1,2.0,1,1,1,3512.0,24.0,1,1
159.0,34.0,1,1.0,1,0,0,1898.0,6.0,5,1
160.0,36.0,1,2.0,1,1,0,2872.0,24.0,5,1
161.0,30.0,0,2.0,1,0,0,1055.0,18.0,1,1
162.0,36.0,1,2.0,1,2,0,1262.0,15.0,2,1
163.0,70.0,1,3.0,0,0,1,7308.0,10.0,1,1
164.0,36.0,1,2.0,1,2,0,909.0,36.0,1,1
165.0,32.0,1,2.0,1,2,0,2978.0,6.0,4,1
166.0,33.0,0,2.0,1,0,0,1131.0,18.0,4,0
167.0,20.0,0,2.0,1,3,1,1577.0,11.0,4,1
168.0,25.0,0,2.0,2,0,0,3972.0,24.0,4,1
169.0,31.0,1,2.0,1,0,1,1935.0,24.0,0,0
170.0,33.0,1,2.0,2,0,0,950.0,15.0,1,0
171.0,26.0,0,2.0,1,0,0,763.0,12.0,4,1
172.0,34.0,0,3.0,1,0,1,2064.0,24.0,4,0
173.0,33.0,1,2.0,1,0,1,1414.0,8.0,5,1
174.0,26.0,1,2.0,1,0,0,3414.0,21.0,3,0
175.0,53.0,0,3.0,1,0,0,7485.0,30.0,1,0
176.0,42.0,1,2.0,1,0,0,2577.0,12.0,4,1
177.0,52.0,1,2.0,1,2,0,338.0,6.0,5,1
178.0,31.0,1,3.0,2,0,0,1963.0,12.0,5,1
179.0,65.0,1,2.0,1,0,0,571.0,21.0,1,1
180.0,28.0,1,2.0,1,0,0,9572.0,36.0,0,0
181.0,30.0,1,3.0,1,0,1,4455.0,36.0,0,0
182.0,40.0,1,1.0,1,0,0,1647.0,21.0,1,0
183.0,50.0,1,2.0,1,3,0,3777.0,24.0,4,1
184.0,36.0,1,2.0,1,0,1,884.0,18.0,1,0
185.0,31.0,1,2.0,1,0,0,1360.0,15.0,5,1
186.0,74.0,0,3.0,0,0,1,5129.0,9.0,1,0
187.0,68.0,1,0.0,0,0,1,1175.0,16.0,1,1
188.0,20.0,1,2.0,1,1,0,674.0,12.0,5,0
189.0,33.0,0,2.0,1,0,1,3244.0,18.0,4,1
190.0,54.0,1,3.0,1,3,0,4591.0,24.0,0,0
191.0,34.0,1,1.0,0,1,1,3844.0,48.0,0,0
192.0,36.0,1,2.0,1,0,1,3915.0,27.0,0,0
193.0,29.0,1,2.0,2,0,0,2108.0,6.0,5,1
194.0,21.0,1,2.0,2,1,1,3031.0,45.0,5,0
195.0,34.0,0,3.0,1,0,1,1501.0,9.0,3,0
196.0,28.0,0,2.0,1,0,0,1382.0,6.0,5,1
197.0,27.0,0,2.0,2,1,1,951.0,12.0,4,0
198.0,36.0,1,2.0,0,0,1,2760.0,24.0,1,1
199.0,40.0,1,3.0,1,0,1,4297.0,18.0,4,0
200.0,52.0,1,2.0,1,2,0,936.0,9.0,3,1
201.0,27.0,1,1.0,1,0,0,1168.0,12.0,1,1
202.0,26.0,1,2.0,1,0,0,5117.0,27.0,0,1
203.0,21.0,1,2.0,2,0,0,902.0,12.0,3,0
204.0,38.0,1,1.0,1,0,0,1495.0,12.0,1,1
205.0,38.0,1,3.0,0,0,0,10623.0,30.0,1,1
206.0,43.0,1,2.0,1,0,0,1935.0,12.0,4,1
207.0,26.0,1,2.0,1,0,1,1424.0,12.0,2,1
208.0,21.0,1,1.0,1,0,0,6568.0,24.0,0,1
209.0,55.0,1,2.0,1,3,0,1413.0,12.0,1,1
210.0,33.0,1,2.0,1,0,0,3074.0,9.0,5,1
211.0,45.0,0,1.0,1,0,0,3835.0,36.0,5,1
212.0,50.0,1,2.0,1,0,0,5293.0,27.0,0,0
213.0,66.0,1,3.0,1,0,2,1908.0,30.0,0,0
214.0,51.0,1,2.0,1,0,0,3342.0,36.0,5,1
215.0,39.0,0,1.0,1,0,1,932.0,6.0,3,1
216.0,31.0,1,2.0,1,0,0,3104.0,18.0,0,1
217.0,23.0,1,2.0,1,0,2,3913.0,36.0,5,1
218.0,24.0,1,1.0,2,0,0,3021.0,24.0,4,1
219.0,64.0,0,2.0,1,0,0,1364.0,10.0,1,1
220.0,26.0,1,1.0,1,0,1,625.0,12.0,5,1
221.0,23.0,0,2.0,2,0,0,1200.0,12.0,3,1
222.0,30.0,1,2.0,1,0,0,707.0,12.0,5,1
223.0,32.0,1,2.0,1,0,0,2978.0,24.0,0,1
224.0,30.0,1,2.0,1,0,0,4657.0,15.0,1,1
225.0,27.0,1,2.0,1,0,0,2613.0,36.0,6,1
226.0,27.0,1,2.0,1,3,1,10961.0,48.0,5,0
227.0,53.0,1,3.0,0,0,0,7865.0,12.0,4,0
228.0,22.0,1,2.0,1,0,0,1478.0,9.0,5,0
229.0,22.0,1,2.0,0,0,0,3149.0,24.0,4,1
230.0,26.0,1,2.0,1,0,2,4210.0,36.0,5,0
231.0,51.0,1,1.0,0,2,0,2507.0,9.0,1,1
232.0,35.0,1,2.0,1,1,0,2141.0,12.0,5,1
233.0,25.0,1,1.0,1,0,1,866.0,18.0,5,1
234.0,42.0,1,1.0,1,0,0,1544.0,4.0,5,1
235.0,30.0,1,3.0,1,0,0,1823.0,24.0,5,0
236.0,23.0,1,0.0,1,0,1,14555.0,6.0,1,0
237.0,61.0,1,1.0,2,1,1,2767.0,21.0,0,0
238.0,35.0,0,2.0,1,0,0,1291.0,12.0,5,1
239.0,39.0,1,2.0,1,0,0,2522.0,30.0,5,1
240.0,29.0,0,2.0,1,0,0,915.0,24.0,1,0
241.0,51.0,1,2.0,1,0,0,1595.0,6.0,5,1
242.0,24.0,1,2.0,0,0,0,4605.0,48.0,1,0
243.0,27.0,0,2.0,1,0,0,1185.0,12.0,0,1
244.0,35.0,0,1.0,1,2,0,3447.0,12.0,3,1
245.0,25.0,1,2.0,1,0,0,1258.0,24.0,0,1
246.0,52.0,1,2.0,1,0,0,717.0,12.0,5,1
247.0,35.0,1,2.0,2,1,0,1204.0,6.0,1,1
248.0,26.0,1,2.0,1,0,2,1925.0,24.0,4,1
249.0,22.0,0,2.0,2,0,0,433.0,18.0,5,0
250.0,39.0,0,1.0,1,3,0,666.0,6.0,1,1
251.0,46.0,0,1.0,1,0,2,2251.0,12.0,4,1
252.0,24.0,0,2.0,1,0,1,2150.0,30.0,1,0
253.0,35.0,1,2.0,1,1,0,4151.0,24.0,4,1
254.0,24.0,1,2.0,1,0,1,2030.0,9.0,4,1
255.0,27.0,1,1.0,1,0,1,7418.0,60.0,5,1
256.0,35.0,1,1.0,1,0,0,2684.0,24.0,5,1
257.0,29.0,1,2.0,0,0,0,2149.0,12.0,5,0
258.0,23.0,0,2.0,1,1,0,3812.0,15.0,1,1
259.0,57.0,0,1.0,1,1,0,1154.0,11.0,5,1
260.0,27.0,1,2.0,1,0,0,1657.0,12.0,4,1
261.0,55.0,0,2.0,1,0,0,1603.0,24.0,5,1
262.0,36.0,1,3.0,0,0,0,5302.0,18.0,1,1
263.0,57.0,0,1.0,0,0,0,2748.0,12.0,3,1
264.0,32.0,1,1.0,1,0,0,1231.0,10.0,1,1
265.0,37.0,1,2.0,1,0,1,802.0,15.0,5,0
266.0,36.0,1,2.0,1,0,0,6304.0,36.0,0,1
267.0,38.0,0,2.0,1,0,0,1533.0,24.0,5,1
268.0,45.0,1,3.0,1,0,0,8978.0,14.0,1,0
269.0,25.0,1,2.0,1,0,0,999.0,24.0,5,1
270.0,32.0,1,2.0,1,0,0,2662.0,18.0,1,1
271.0,37.0,0,2.0,2,2,0,1402.0,12.0,4,1
272.0,36.0,1,3.0,0,0,1,12169.0,48.0,1,1
273.0,28.0,1,2.0,1,0,1,3060.0,48.0,5,0
274.0,34.0,1,1.0,1,0,0,11998.0,30.0,6,0
275.0,32.0,1,2.0,1,0,0,2697.0,9.0,5,1
276.0,26.0,0,2.0,1,0,0,2404.0,18.0,5,1
277.0,49.0,1,1.0,1,0,0,1262.0,12.0,4,1
278.0,32.0,0,2.0,1,0,0,4611.0,6.0,4,0
279.0,29.0,1,3.0,2,1,0,1901.0,24.0,5,1
280.0,23.0,1,2.0,2,3,0,3368.0,15.0,1,1
281.0,50.0,1,2.0,1,0,0,1574.0,12.0,4,1
282.0,49.0,1,1.0,1,0,2,1445.0,18.0,5,1
283.0,63.0,1,2.0,1,0,0,1520.0,15.0,4,1
284.0,37.0,1,2.0,1,1,1,3878.0,24.0,1,1
285.0,35.0,0,1.0,1,0,0,10722.0,47.0,1,1
286.0,26.0,1,2.0,1,0,0,4788.0,48.0,1,1
287.0,31.0,1,3.0,0,1,1,7582.0,48.0,7,1
288.0,49.0,0,2.0,1,0,1,1092.0,12.0,5,1
289.0,48.0,1,2.0,1,0,0,1024.0,24.0,5,0
290.0,26.0,1,2.0,1,0,0,1076.0,12.0,0,1
291.0,28.0,1,3.0,2,0,1,9398.0,36.0,1,0
292.0,44.0,0,3.0,0,0,0,6419.0,24.0,1,1
293.0,56.0,1,2.0,0,0,2,4796.0,42.0,1,1
294.0,46.0,1,3.0,1,0,0,7629.0,48.0,0,1
295.0,26.0,0,2.0,1,0,1,9960.0,48.0,4,0
296.0,20.0,0,2.0,2,0,0,4675.0,12.0,1,1
297.0,45.0,1,1.0,1,0,0,1287.0,10.0,1,1
298.0,43.0,1,2.0,1,0,0,2515.0,18.0,4,1
299.0,32.0,1,2.0,1,3,1,2745.0,21.0,4,1
300.0,54.0,0,0.0,1,0,0,672.0,6.0,1,1
301.0,42.0,0,2.0,1,0,1,3804.0,36.0,5,0
302.0,37.0,1,1.0,1,0,2,1344.0,24.0,1,0
303.0,49.0,1,2.0,1,0,0,1038.0,10.0,1,1
304.0,44.0,1,2.0,0,2,0,10127.0,48.0,1,0
305.0,33.0,1,2.0,1,3,0,1543.0,6.0,4,1
306.0,24.0,0,1.0,2,0,0,4811.0,30.0,1,1
307.0,33.0,1,1.0,1,1,0,727.0,12.0,5,0
308.0,24.0,0,2.0,1,0,1,1237.0,8.0,4,0
309.0,22.0,1,1.0,2,0,1,276.0,9.0,1,1
310.0,40.0,1,0.0,0,0,1,5381.0,48.0,7,1
311.0,25.0,1,2.0,1,1,0,5511.0,24.0,4,1
312.0,26.0,0,2.0,1,0,2,3749.0,24.0,4,1
313.0,25.0,1,1.0,1,0,1,685.0,12.0,1,0
314.0,29.0,1,1.0,1,0,2,1494.0,4.0,1,1
315.0,31.0,1,2.0,1,0,0,2746.0,36.0,4,0
316.0,38.0,1,1.0,1,0,0,708.0,12.0,4,1
317.0,48.0,0,1.0,1,0,1,4351.0,24.0,4,1
318.0,32.0,1,2.0,1,0,0,701.0,12.0,3,1
319.0,27.0,0,1.0,1,0,0,3643.0,15.0,4,1
320.0,28.0,1,3.0,1,0,1,4249.0,30.0,1,0
321.0,32.0,1,2.0,1,0,0,1938.0,24.0,5,0
322.0,34.0,1,3.0,0,0,0,2910.0,24.0,1,1
323.0,28.0,1,2.0,1,3,0,2659.0,18.0,4,1
324.0,36.0,0,2.0,1,0,0,1028.0,18.0,1,1
325.0,39.0,1,1.0,1,0,0,3398.0,8.0,1,1
326.0,49.0,1,2.0,2,0,0,5801.0,12.0,4,1
327.0,34.0,0,2.0,1,3,0,1525.0,24.0,1,1
328.0,31.0,1,2.0,1,0,2,4473.0,36.0,5,1
329.0,28.0,1,2.0,1,0,1,1068.0,6.0,5,1
330.0,75.0,1,3.0,0,0,0,6615.0,24.0,1,1
331.0,30.0,0,2.0,1,1,0,1864.0,18.0,3,0
332.0,24.0,0,3.0,1,1,1,7408.0,60.0,1,0
333.0,24.0,0,1.0,2,1,0,11590.0,48.0,1,0
334.0,23.0,1,2.0,2,0,0,4110.0,24.0,4,0
335.0,44.0,1,3.0,2,0,0,3384.0,6.0,4,0
336.0,23.0,0,1.0,1,0,1,2101.0,13.0,5,1
337.0,24.0,0,2.0,2,0,0,1275.0,15.0,2,0
338.0,28.0,1,2.0,1,0,0,4169.0,24.0,4,1
339.0,31.0,1,1.0,1,0,1,1521.0,10.0,4,1
340.0,24.0,0,2.0,0,0,1,5743.0,24.0,3,1
341.0,26.0,0,1.0,2,0,0,3599.0,21.0,4,1
342.0,25.0,1,2.0,2,2,1,3213.0,18.0,5,1
343.0,33.0,1,3.0,1,0,1,4439.0,18.0,0,1
344.0,37.0,1,1.0,1,0,2,3949.0,10.0,1,1
345.0,43.0,0,1.0,1,0,0,1459.0,15.0,5,1
346.0,23.0,1,2.0,1,0,1,882.0,13.0,5,1
347.0,23.0,0,0.0,2,2,1,3758.0,24.0,5,1
348.0,34.0,1,1.0,1,1,0,1743.0,6.0,0,1
349.0,32.0,1,2.0,0,3,1,1136.0,9.0,3,0
350.0,23.0,0,2.0,2,0,0,1236.0,9.0,2,1
351.0,29.0,0,2.0,1,0,1,959.0,9.0,4,0
352.0,38.0,1,3.0,1,0,0,3229.0,18.0,1,1
353.0,28.0,1,2.0,2,0,0,6199.0,12.0,5,0
354.0,46.0,1,2.0,0,2,0,727.0,10.0,3,1
355.0,23.0,1,1.0,1,0,1,1246.0,24.0,1,0
356.0,49.0,1,2.0,1,0,0,2331.0,12.0,5,1
357.0,26.0,1,3.0,1,0,0,4463.0,36.0,5,0
358.0,28.0,1,2.0,1,0,0,776.0,12.0,5,1
359.0,23.0,0,2.0,2,0,0,2406.0,30.0,4,0
360.0,61.0,1,2.0,0,0,1,1239.0,18.0,3,1
361.0,37.0,1,3.0,1,0,2,3399.0,12.0,5,1
362.0,36.0,0,2.0,1,0,2,2247.0,12.0,1,1
363.0,21.0,1,2.0,2,0,0,1766.0,6.0,4,1
364.0,25.0,1,0.0,1,0,0,2473.0,18.0,4,0
365.0,36.0,1,2.0,1,0,0,1542.0,12.0,0,1
366.0,27.0,1,2.0,1,0,0,3850.0,18.0,1,1
367.0,22.0,0,2.0,2,0,0,3650.0,18.0,4,1
368.0,42.0,1,2.0,1,0,0,3446.0,36.0,4,0
369.0,40.0,0,2.0,2,0,1,3001.0,18.0,4,1
370.0,36.0,1,2.0,1,0,0,3079.0,36.0,1,1
371.0,33.0,1,2.0,1,0,0,6070.0,18.0,5,1
372.0,23.0,0,2.0,2,0,0,2146.0,10.0,4,1
373.0,63.0,1,3.0,0,0,0,13756.0,60.0,1,1
374.0,60.0,0,3.0,0,1,1,14782.0,60.0,7,0
375.0,37.0,0,2.0,2,0,0,7685.0,48.0,0,0
376.0,34.0,1,2.0,1,0,0,2320.0,18.0,5,1
377.0,36.0,1,2.0,0,0,0,846.0,7.0,5,1
378.0,57.0,1,3.0,0,0,1,14318.0,36.0,1,0
379.0,52.0,0,1.0,1,1,0,362.0,6.0,1,1
380.0,39.0,1,2.0,1,0,0,2212.0,20.0,4,1
381.0,38.0,0,3.0,0,0,1,12976.0,18.0,1,0
382.0,25.0,0,2.0,2,0,0,1283.0,22.0,1,1
383.0,26.0,1,2.0,1,0,2,1330.0,12.0,1,1
384.0,26.0,1,1.0,1,1,0,4272.0,30.0,0,1
385.0,25.0,0,2.0,1,0,0,2238.0,18.0,5,1
386.0,21.0,0,2.0,2,0,0,1126.0,18.0,5,1
387.0,40.0,1,3.0,1,0,1,7374.0,18.0,4,1
388.0,27.0,1,2.0,1,2,1,2326.0,15.0,0,1
389.0,27.0,0,2.0,1,0,0,1449.0,9.0,0,1
390.0,30.0,1,3.0,1,0,0,1820.0,18.0,1,1
391.0,19.0,0,1.0,2,3,1,983.0,12.0,4,1
392.0,39.0,1,3.0,0,0,0,3249.0,36.0,1,1
393.0,31.0,0,2.0,1,0,0,1957.0,6.0,5,1
394.0,31.0,1,3.0,1,0,0,2406.0,9.0,4,1
395.0,32.0,1,2.0,2,1,1,11760.0,39.0,3,1
396.0,55.0,0,3.0,0,0,0,2578.0,12.0,4,1
397.0,46.0,1,2.0,1,0,0,2348.0,36.0,4,1
398.0,46.0,1,2.0,2,0,1,1223.0,12.0,1,0
399.0,43.0,0,1.0,1,3,0,1516.0,24.0,5,1
400.0,39.0,1,2.0,1,0,0,1473.0,18.0,5,1
401.0,28.0,1,2.0,1,0,1,1887.0,18.0,0,1
402.0,27.0,1,2.0,1,0,0,8648.0,24.0,0,0
403.0,27.0,1,1.0,1,0,0,802.0,14.0,1,1
404.0,43.0,1,2.0,1,0,1,2899.0,18.0,1,1
405.0,22.0,1,2.0,1,0,1,2039.0,24.0,5,0
406.0,43.0,1,2.0,1,0,0,2197.0,24.0,1,1
407.0,27.0,1,2.0,1,0,0,1053.0,15.0,5,1
408.0,26.0,1,3.0,1,2,0,3235.0,24.0,5,1
409.0,28.0,1,2.0,1,2,2,939.0,12.0,1,0
410.0,20.0,0,2.0,1,0,1,1967.0,24.0,5,1
411.0,35.0,1,3.0,1,0,0,7253.0,33.0,1,1
412.0,42.0,1,3.0,1,0,0,2292.0,12.0,0,0
413.0,40.0,1,1.0,2,2,0,1597.0,10.0,1,1
414.0,35.0,0,2.0,1,0,0,1381.0,24.0,1,0
415.0,35.0,1,2.0,1,0,0,5842.0,36.0,1,1
416.0,33.0,1,1.0,1,0,0,2579.0,12.0,1,0
417.0,23.0,0,2.0,2,0,0,8471.0,18.0,3,1
418.0,31.0,0,3.0,1,2,0,2782.0,21.0,1,1
419.0,33.0,0,2.0,1,0,1,1042.0,18.0,1,0
420.0,20.0,0,2.0,2,3,0,3186.0,15.0,1,1
421.0,30.0,1,2.0,1,0,1,2028.0,12.0,1,1
422.0,47.0,1,1.0,1,0,1,958.0,12.0,1,1
423.0,34.0,1,3.0,1,1,0,1591.0,21.0,4,1
424.0,25.0,0,2.0,1,0,1,2762.0,12.0,4,0
425.0,21.0,1,2.0,2,0,1,2779.0,18.0,1,1
426.0,29.0,1,2.0,1,0,0,2743.0,28.0,5,1
427.0,46.0,1,2.0,1,3,0,1149.0,18.0,5,1
428.0,20.0,1,2.0,1,0,0,1313.0,9.0,4,1
429.0,55.0,0,0.0,0,0,0,1190.0,18.0,6,0
430.0,74.0,1,1.0,1,0,0,3448.0,5.0,0,1
431.0,29.0,1,3.0,1,0,1,11328.0,24.0,7,0
432.0,36.0,1,3.0,0,0,0,1872.0,6.0,4,1
433.0,33.0,1,2.0,1,0,0,2058.0,24.0,6,1
434.0,25.0,1,2.0,1,0,0,2136.0,9.0,4,1
435.0,25.0,1,2.0,1,0,1,1484.0,12.0,5,0
436.0,23.0,1,1.0,2,2,0,660.0,6.0,6,1
437.0,37.0,0,2.0,1,3,0,1287.0,24.0,1,1
438.0,65.0,1,0.0,1,0,0,3394.0,42.0,6,1
439.0,26.0,0,0.0,1,0,2,609.0,12.0,0,0
440.0,39.0,1,3.0,1,0,0,1884.0,12.0,1,1
441.0,30.0,0,2.0,1,0,0,1620.0,12.0,4,1
442.0,29.0,1,2.0,1,0,1,2629.0,20.0,7,1
443.0,41.0,1,1.0,1,0,0,719.0,12.0,3,0
444.0,30.0,0,3.0,1,0,1,5096.0,48.0,4,0
445.0,41.0,0,1.0,2,0,0,1244.0,9.0,3,1
446.0,34.0,0,2.0,1,0,0,1842.0,36.0,1,0
447.0,35.0,1,2.0,1,0,1,2576.0,7.0,5,1
448.0,55.0,0,3.0,1,0,2,1424.0,12.0,4,1
449.0,61.0,1,2.0,1,3,1,1512.0,15.0,6,0
450.0,30.0,1,3.0,1,0,0,11054.0,36.0,1,1
451.0,29.0,0,2.0,1,0,0,518.0,6.0,5,1
452.0,34.0,1,2.0,1,0,0,2759.0,12.0,4,1
453.0,35.0,1,3.0,1,0,0,2670.0,24.0,1,1
454.0,31.0,1,2.0,1,0,0,4817.0,24.0,1,0
455.0,29.0,0,3.0,1,0,0,2679.0,24.0,1,1
456.0,36.0,1,2.0,2,0,0,3905.0,11.0,1,1
457.0,35.0,1,2.0,0,0,0,3386.0,12.0,1,0
458.0,27.0,0,2.0,1,0,0,343.0,6.0,2,1
459.0,32.0,1,2.0,1,0,0,4594.0,18.0,5,1
460.0,37.0,1,2.0,1,0,0,3620.0,36.0,4,1
461.0,36.0,1,2.0,1,0,0,1721.0,15.0,1,1
462.0,34.0,0,3.0,2,0,1,3017.0,12.0,4,1
463.0,38.0,1,2.0,1,0,1,754.0,12.0,3,1
464.0,34.0,1,2.0,1,0,0,1950.0,18.0,0,1
465.0,63.0,1,2.0,1,0,0,2924.0,24.0,1,1
466.0,29.0,0,1.0,2,0,0,1659.0,24.0,5,0
467.0,32.0,1,2.0,1,0,0,7238.0,48.0,5,1
468.0,26.0,0,2.0,1,0,0,2764.0,33.0,0,1
469.0,35.0,1,1.0,1,0,0,4679.0,24.0,1,1
470.0,22.0,1,2.0,2,1,1,3092.0,24.0,5,0
471.0,23.0,0,2.0,1,0,0,448.0,6.0,3,0
472.0,28.0,1,1.0,1,0,0,654.0,9.0,1,0
473.0,36.0,1,3.0,1,0,0,1238.0,6.0,3,1
474.0,33.0,1,2.0,1,0,1,1245.0,18.0,5,0
475.0,26.0,0,2.0,2,0,0,3114.0,18.0,4,0
476.0,24.0,1,2.0,1,2,0,2569.0,39.0,1,1
477.0,25.0,1,2.0,1,0,2,5152.0,24.0,5,1
478.0,39.0,1,1.0,1,1,1,1037.0,12.0,0,1
479.0,44.0,1,2.0,1,0,0,1478.0,15.0,4,1
480.0,23.0,0,1.0,1,0,1,3573.0,12.0,5,1
481.0,26.0,1,2.0,1,0,1,1201.0,24.0,1,1
482.0,57.0,0,2.0,2,3,0,3622.0,30.0,4,1
483.0,30.0,0,2.0,1,3,0,960.0,15.0,4,1
484.0,44.0,1,2.0,1,2,0,1163.0,12.0,1,1
485.0,47.0,1,3.0,1,0,1,1209.0,6.0,1,0
486.0,52.0,1,2.0,1,0,0,3077.0,12.0,5,1
487.0,62.0,0,2.0,0,0,0,3757.0,24.0,1,1
488.0,35.0,1,1.0,2,1,0,1418.0,10.0,1,1
489.0,26.0,1,2.0,2,0,0,3518.0,6.0,1,1
490.0,26.0,1,2.0,1,0,0,1934.0,12.0,5,1
491.0,42.0,0,3.0,0,0,1,8318.0,27.0,0,0
492.0,27.0,0,2.0,1,1,0,1237.0,6.0,5,1
493.0,38.0,1,2.0,1,0,1,368.0,6.0,5,1
494.0,39.0,1,1.0,2,0,0,2122.0,12.0,1,1
495.0,20.0,1,2.0,1,0,0,2996.0,24.0,4,0
496.0,29.0,1,3.0,2,1,1,9034.0,36.0,4,0
497.0,40.0,1,2.0,1,0,0,1585.0,24.0,4,1
498.0,32.0,1,1.0,1,0,1,1301.0,18.0,5,1
499.0,28.0,1,2.0,1,1,2,1323.0,6.0,1,1
500.0,27.0,0,2.0,1,0,0,3123.0,24.0,1,0
501.0,42.0,1,2.0,0,0,0,5493.0,36.0,1,1
502.0,49.0,1,2.0,1,1,2,1126.0,9.0,5,1
503.0,38.0,1,2.0,1,1,1,1216.0,24.0,5,0
504.0,24.0,0,2.0,2,0,0,1207.0,24.0,1,0
505.0,27.0,1,1.0,1,0,0,1309.0,10.0,1,0
506.0,36.0,1,2.0,1,2,2,2360.0,15.0,1,1
507.0,34.0,1,3.0,1,1,1,6850.0,15.0,1,0
508.0,28.0,1,2.0,1,0,0,1413.0,24.0,5,1
509.0,45.0,1,3.0,1,1,0,8588.0,39.0,1,1
510.0,26.0,1,2.0,1,0,0,759.0,12.0,1,0
511.0,32.0,1,3.0,0,0,0,4686.0,36.0,1,1
512.0,26.0,1,2.0,2,0,2,2687.0,15.0,0,1
513.0,20.0,1,2.0,2,0,1,585.0,12.0,5,1
514.0,54.0,1,2.0,1,0,0,2255.0,24.0,1,1
515.0,37.0,0,2.0,1,0,0,609.0,6.0,1,1
516.0,40.0,1,1.0,1,0,0,1361.0,6.0,1,1
517.0,23.0,0,2.0,2,0,0,7127.0,36.0,4,0
518.0,43.0,1,2.0,1,1,0,1203.0,6.0,1,1
519.0,36.0,1,2.0,0,0,0,700.0,6.0,5,1
520.0,44.0,1,2.0,0,0,0,5507.0,24.0,6,1
521.0,24.0,0,2.0,1,0,0,3190.0,18.0,5,0
522.0,53.0,1,2.0,0,0,0,7119.0,48.0,4,0
523.0,23.0,0,2.0,1,1,0,3488.0,24.0,1,1
524.0,26.0,0,1.0,1,0,1,1113.0,18.0,5,1
525.0,30.0,1,2.0,1,0,1,7966.0,26.0,1,1
526.0,31.0,0,2.0,1,1,0,1532.0,15.0,3,1
527.0,42.0,1,1.0,1,0,0,1503.0,4.0,5,1
528.0,31.0,1,2.0,2,0,0,2302.0,36.0,5,0
529.0,41.0,1,1.0,1,0,0,662.0,6.0,1,1
530.0,32.0,1,2.0,1,0,1,2273.0,36.0,3,1
531.0,28.0,0,2.0,2,1,1,2631.0,15.0,1,0
532.0,41.0,1,2.0,2,0,0,1503.0,12.0,1,1
533.0,26.0,1,2.0,1,1,0,1311.0,24.0,5,1
534.0,25.0,1,2.0,1,0,0,3105.0,24.0,5,1
535.0,33.0,1,2.0,2,0,2,2319.0,21.0,3,0
536.0,75.0,0,3.0,1,0,0,1374.0,6.0,1,1
537.0,37.0,0,2.0,1,0,1,3612.0,18.0,4,1
538.0,42.0,1,3.0,0,0,0,7763.0,48.0,1,0
539.0,45.0,0,1.0,1,0,2,3049.0,18.0,4,1
540.0,23.0,1,2.0,2,0,1,1534.0,12.0,5,0
541.0,60.0,1,2.0,0,0,0,2032.0,24.0,1,1
542.0,31.0,1,2.0,1,0,0,6350.0,30.0,4,0
543.0,34.0,1,1.0,1,0,2,2864.0,18.0,4,0
544.0,61.0,1,1.0,1,0,0,1255.0,12.0,1,1
545.0,43.0,1,2.0,0,0,0,1333.0,24.0,1,0
546.0,37.0,0,2.0,1,0,0,2022.0,24.0,1,1
547.0,32.0,1,2.0,1,0,0,1552.0,24.0,5,1
548.0,24.0,0,1.0,1,0,0,626.0,12.0,5,0
549.0,35.0,1,2.0,0,0,0,8858.0,48.0,1,1
550.0,23.0,0,2.0,1,0,0,996.0,12.0,6,1
551.0,45.0,1,1.0,1,2,0,1750.0,6.0,5,1
552.0,34.0,1,2.0,1,0,0,6999.0,48.0,5,0
553.0,27.0,1,2.0,1,1,1,1995.0,12.0,1,1
554.0,67.0,0,3.0,1,0,1,1199.0,9.0,3,1
555.0,22.0,1,2.0,1,0,1,1331.0,12.0,5,0
556.0,28.0,0,2.0,1,1,1,2278.0,18.0,1,0
557.0,29.0,0,2.0,1,0,0,5003.0,21.0,1,0
558.0,27.0,1,2.0,1,0,0,3552.0,24.0,4,0
559.0,31.0,1,1.0,1,0,1,1928.0,18.0,4,0
560.0,49.0,1,2.0,0,0,0,2964.0,24.0,1,1
561.0,24.0,1,1.0,2,0,0,1546.0,24.0,5,0
562.0,29.0,0,2.0,1,0,2,683.0,6.0,5,1
563.0,37.0,1,2.0,0,0,1,12389.0,36.0,1,0
564.0,37.0,1,3.0,1,0,1,4712.0,24.0,0,1
565.0,23.0,0,2.0,2,1,1,1553.0,24.0,5,1
566.0,36.0,1,2.0,1,0,0,1372.0,12.0,1,0
567.0,34.0,1,2.0,1,3,0,2578.0,24.0,5,1
568.0,41.0,1,2.0,1,0,1,3979.0,48.0,5,1
569.0,31.0,0,2.0,1,0,0,6758.0,48.0,5,0
570.0,23.0,0,1.0,2,0,0,3234.0,24.0,4,0
571.0,38.0,1,2.0,1,0,0,5954.0,30.0,5,1
572.0,26.0,0,3.0,2,0,0,5433.0,24.0,1,1
573.0,22.0,0,1.0,1,0,0,806.0,15.0,0,1
574.0,27.0,1,1.0,1,0,1,1082.0,9.0,5,1
575.0,24.0,0,2.0,1,0,0,2788.0,15.0,4,1
576.0,27.0,0,2.0,1,0,1,2930.0,12.0,5,1
577.0,33.0,0,2.0,1,0,0,1927.0,24.0,3,1
578.0,27.0,1,2.0,1,0,1,2820.0,36.0,1,0
579.0,27.0,1,1.0,1,0,0,937.0,24.0,3,1
580.0,30.0,1,2.0,1,0,1,1056.0,18.0,1,0
581.0,49.0,1,1.0,1,0,1,3124.0,12.0,1,1
582.0,26.0,0,2.0,2,0,0,1388.0,9.0,4,1
583.0,33.0,1,1.0,2,0,1,2384.0,36.0,6,0
584.0,52.0,0,3.0,0,0,0,2133.0,12.0,1,1
585.0,20.0,0,2.0,2,0,0,2039.0,18.0,4,0
586.0,36.0,1,2.0,2,0,0,2799.0,9.0,1,1
587.0,21.0,1,1.0,1,0,0,1289.0,12.0,4,1
588.0,47.0,1,1.0,1,0,0,1217.0,18.0,2,0
589.0,60.0,1,2.0,1,0,0,2246.0,12.0,4,0
590.0,58.0,0,1.0,1,0,0,385.0,12.0,5,1
591.0,42.0,0,2.0,2,0,1,1965.0,24.0,1,1
592.0,36.0,0,1.0,1,3,0,1572.0,21.0,0,1
593.0,20.0,0,1.0,2,0,1,2718.0,24.0,1,0
594.0,40.0,1,3.0,1,0,0,1358.0,24.0,7,0
595.0,32.0,0,1.0,1,1,1,931.0,6.0,1,0
596.0,23.0,0,2.0,2,0,0,1442.0,24.0,1,0
597.0,36.0,1,1.0,1,0,1,4241.0,24.0,0,0
598.0,31.0,1,2.0,1,0,0,2775.0,18.0,1,0
599.0,32.0,1,2.0,0,0,0,3863.0,24.0,0,1
600.0,45.0,0,2.0,1,0,1,2329.0,7.0,5,1
601.0,30.0,0,2.0,1,0,1,918.0,9.0,4,0
602.0,34.0,0,1.0,0,0,1,1837.0,24.0,3,0
603.0,28.0,0,3.0,1,0,0,3349.0,36.0,4,0
604.0,23.0,0,2.0,1,0,2,1275.0,10.0,4,1
605.0,22.0,1,2.0,1,2,0,2828.0,24.0,4,1
606.0,74.0,1,3.0,1,0,0,4526.0,24.0,0,1
607.0,50.0,0,2.0,0,1,1,2671.0,36.0,5,0
608.0,33.0,1,2.0,1,0,0,2051.0,18.0,5,1
609.0,45.0,1,2.0,0,0,0,1300.0,15.0,1,1
610.0,22.0,0,2.0,1,1,0,741.0,12.0,2,0
611.0,48.0,0,1.0,0,1,2,1240.0,10.0,1,0
612.0,29.0,0,2.0,1,3,0,3357.0,21.0,5,1
613.0,22.0,0,2.0,2,0,0,3632.0,24.0,1,1
614.0,22.0,0,2.0,1,0,0,1808.0,18.0,4,0
615.0,48.0,1,3.0,1,0,1,12204.0,48.0,0,1
616.0,27.0,1,3.0,0,0,1,9157.0,60.0,5,1
617.0,37.0,1,2.0,2,0,0,3676.0,6.0,1,1
618.0,21.0,0,2.0,2,1,1,3441.0,30.0,4,0
619.0,49.0,1,1.0,1,0,0,640.0,12.0,1,1
620.0,27.0,1,2.0,1,0,1,3652.0,21.0,0,1
621.0,32.0,1,2.0,1,0,0,1530.0,18.0,1,0
622.0,38.0,1,2.0,1,0,0,3914.0,48.0,0,0
623.0,22.0,0,2.0,2,0,0,1858.0,12.0,4,1
624.0,65.0,1,2.0,0,0,0,2600.0,18.0,5,0
625.0,35.0,1,2.0,1,0,0,1979.0,15.0,5,1
626.0,41.0,1,2.0,1,0,2,2116.0,6.0,4,1
627.0,29.0,1,2.0,1,1,1,1437.0,9.0,1,0
628.0,36.0,1,2.0,1,2,0,4042.0,42.0,4,1
629.0,64.0,1,1.0,1,0,0,3832.0,9.0,3,1
630.0,28.0,0,2.0,1,0,0,3660.0,24.0,5,1
631.0,44.0,1,2.0,1,0,0,1553.0,18.0,4,0
632.0,23.0,1,2.0,1,0,1,1444.0,15.0,5,1
633.0,19.0,0,2.0,2,0,0,1980.0,9.0,4,0
634.0,25.0,0,1.0,1,0,1,1355.0,24.0,1,0
635.0,47.0,1,2.0,1,0,0,1393.0,12.0,3,1
636.0,28.0,0,2.0,1,2,0,1376.0,24.0,5,1
637.0,21.0,1,2.0,1,0,0,15653.0,60.0,5,1
638.0,34.0,0,2.0,1,0,0,1493.0,12.0,5,1
639.0,26.0,1,2.0,1,0,0,4370.0,42.0,5,0
640.0,27.0,0,0.0,1,0,0,750.0,18.0,3,0
641.0,38.0,1,1.0,1,0,1,1308.0,15.0,6,1
642.0,40.0,1,3.0,1,1,0,4623.0,15.0,3,0
643.0,33.0,1,2.0,1,0,0,1851.0,24.0,5,1
644.0,32.0,1,3.0,1,0,0,1880.0,18.0,5,1
645.0,27.0,1,2.0,2,0,0,7980.0,36.0,0,0
646.0,32.0,1,2.0,1,0,0,4583.0,30.0,4,1
647.0,26.0,0,2.0,1,2,0,1386.0,12.0,1,0
648.0,38.0,1,2.0,0,0,2,947.0,24.0,1,0
649.0,40.0,1,1.0,2,0,0,684.0,12.0,3,0
650.0,50.0,1,3.0,0,0,0,7476.0,48.0,3,1
651.0,37.0,1,1.0,1,0,1,1922.0,12.0,4,0
652.0,45.0,1,2.0,1,0,0,2303.0,24.0,1,0
653.0,42.0,1,3.0,1,1,1,8086.0,36.0,1,0
654.0,35.0,1,2.0,1,0,0,2346.0,24.0,1,1
655.0,22.0,1,2.0,0,0,0,3973.0,14.0,1,1
656.0,41.0,1,1.0,1,0,1,888.0,12.0,1,0
657.0,37.0,1,2.0,1,0,0,10222.0,48.0,5,1
658.0,28.0,0,2.0,1,0,1,4221.0,30.0,0,1
659.0,41.0,1,2.0,1,0,1,6361.0,18.0,4,1
660.0,23.0,1,2.0,2,0,2,1297.0,12.0,5,1
661.0,23.0,1,2.0,1,0,0,900.0,12.0,1,0
662.0,50.0,1,2.0,1,0,0,2241.0,21.0,4,1
663.0,35.0,1,3.0,1,0,1,1050.0,6.0,4,1
664.0,50.0,0,1.0,1,0,2,1047.0,6.0,3,1
665.0,27.0,1,3.0,1,0,0,6314.0,24.0,7,1
666.0,34.0,1,2.0,1,3,1,3496.0,30.0,4,1
667.0,27.0,0,2.0,1,0,0,3609.0,48.0,0,1
668.0,43.0,1,2.0,2,0,0,4843.0,12.0,1,0
669.0,47.0,1,2.0,1,0,2,3017.0,30.0,5,1
670.0,27.0,1,1.0,1,1,0,4139.0,24.0,0,1
671.0,31.0,1,2.0,1,1,0,5742.0,36.0,0,1
672.0,42.0,1,3.0,1,0,0,10366.0,60.0,1,1
673.0,24.0,1,2.0,1,2,0,2080.0,6.0,1,1
674.0,41.0,1,1.0,1,2,0,2580.0,21.0,0,0
675.0,26.0,0,3.0,2,0,0,4530.0,30.0,5,1
676.0,33.0,1,2.0,1,0,0,5150.0,24.0,4,1
677.0,24.0,1,2.0,1,1,1,5595.0,72.0,5,0
678.0,64.0,1,1.0,2,0,0,2384.0,24.0,5,1
679.0,26.0,0,2.0,1,0,0,1453.0,18.0,5,1
680.0,56.0,0,2.0,1,0,0,1538.0,6.0,3,1
681.0,37.0,1,2.0,0,0,0,2279.0,12.0,5,1
682.0,33.0,1,2.0,1,0,0,1478.0,15.0,5,1
683.0,47.0,1,2.0,0,0,0,5103.0,24.0,5,1
684.0,31.0,1,1.0,1,1,1,9857.0,36.0,0,1
685.0,34.0,1,2.0,0,0,0,6527.0,60.0,1,1
686.0,27.0,1,2.0,1,0,2,1347.0,10.0,5,1
687.0,30.0,1,2.0,0,1,1,2862.0,36.0,1,1
688.0,35.0,1,2.0,1,1,0,2753.0,9.0,5,1
689.0,31.0,1,2.0,1,3,0,3651.0,12.0,1,1
690.0,25.0,1,2.0,1,0,0,975.0,15.0,4,1
691.0,25.0,0,1.0,1,1,1,2631.0,15.0,6,1
692.0,29.0,1,2.0,1,1,1,2896.0,24.0,5,1
693.0,44.0,1,1.0,1,0,0,4716.0,6.0,1,1
694.0,28.0,1,2.0,1,0,0,2284.0,24.0,5,1
695.0,50.0,1,2.0,2,2,0,1236.0,6.0,1,1
696.0,29.0,1,2.0,1,0,1,1103.0,12.0,5,1
697.0,38.0,0,0.0,1,0,0,926.0,12.0,1,1
698.0,24.0,1,2.0,1,0,0,1800.0,18.0,5,1
699.0,40.0,1,3.0,2,0,2,1905.0,15.0,3,1
700.0,29.0,0,1.0,2,2,0,1123.0,12.0,4,0
701.0,46.0,1,2.0,0,0,0,6331.0,48.0,1,0
702.0,47.0,0,2.0,0,1,2,1377.0,24.0,5,1
703.0,41.0,1,2.0,1,1,1,2503.0,30.0,0,1
704.0,32.0,0,2.0,1,0,1,2528.0,27.0,0,1
705.0,35.0,0,2.0,0,2,0,5324.0,15.0,1,1
706.0,24.0,1,2.0,1,1,1,6560.0,48.0,1,0
707.0,25.0,0,2.0,2,0,1,2969.0,12.0,4,0
708.0,25.0,0,2.0,1,0,1,1206.0,9.0,5,1
709.0,37.0,1,1.0,1,0,1,2118.0,9.0,5,1
710.0,32.0,1,3.0,1,2,0,629.0,18.0,5,1
711.0,35.0,0,2.0,0,0,0,1198.0,6.0,3,0
712.0,46.0,1,3.0,1,0,0,2476.0,21.0,1,1
713.0,25.0,1,1.0,1,0,0,1138.0,9.0,5,1
714.0,27.0,1,3.0,1,0,1,14027.0,60.0,1,0
715.0,63.0,1,2.0,1,0,0,7596.0,30.0,1,1
716.0,40.0,1,2.0,1,0,0,3077.0,30.0,5,1
717.0,32.0,1,3.0,0,0,0,1505.0,18.0,5,1
718.0,31.0,1,2.0,1,0,2,3148.0,24.0,5,1
719.0,31.0,1,2.0,1,1,1,6148.0,20.0,1,1
720.0,34.0,1,3.0,1,0,2,1337.0,9.0,5,0
721.0,24.0,0,2.0,2,3,1,433.0,6.0,3,0
722.0,24.0,0,1.0,1,0,0,1228.0,12.0,1,0
723.0,66.0,0,1.0,1,2,1,790.0,9.0,5,1
724.0,21.0,0,2.0,2,0,0,2570.0,27.0,1,0
725.0,41.0,0,1.0,1,3,0,250.0,6.0,1,1
726.0,47.0,1,1.0,1,2,0,1316.0,15.0,5,1
727.0,25.0,0,2.0,2,0,0,1882.0,18.0,5,0
728.0,59.0,0,2.0,2,0,1,6416.0,48.0,0,0
729.0,36.0,1,2.0,1,3,2,1275.0,24.0,0,1
730.0,33.0,1,2.0,1,0,1,6403.0,24.0,5,1
731.0,21.0,1,1.0,2,0,0,1987.0,24.0,5,0
732.0,44.0,0,1.0,1,0,1,760.0,8.0,5,1
733.0,28.0,0,2.0,2,3,0,2603.0,24.0,1,1
734.0,37.0,0,2.0,1,0,0,3380.0,4.0,1,1
735.0,29.0,0,0.0,1,0,1,3990.0,36.0,2,1
736.0,23.0,0,3.0,2,0,1,11560.0,24.0,1,0
737.0,35.0,1,1.0,1,1,0,4380.0,18.0,1,1
738.0,45.0,1,3.0,1,0,0,6761.0,6.0,1,1
739.0,26.0,0,1.0,2,1,1,4280.0,30.0,0,0
740.0,32.0,1,2.0,1,1,0,2325.0,24.0,1,1
741.0,23.0,1,1.0,1,0,1,1048.0,10.0,5,1
742.0,41.0,1,2.0,1,0,0,3160.0,21.0,5,1
743.0,22.0,1,2.0,1,2,0,2483.0,24.0,4,1
744.0,30.0,1,3.0,1,0,0,14179.0,39.0,4,1
745.0,28.0,1,1.0,1,0,0,1797.0,13.0,0,1
746.0,23.0,0,2.0,2,0,0,2511.0,15.0,1,1
747.0,37.0,0,1.0,1,0,0,1274.0,12.0,1,0
748.0,26.0,1,2.0,1,0,0,5248.0,21.0,1,1
749.0,33.0,1,2.0,1,0,0,3029.0,15.0,1,1
750.0,49.0,0,2.0,1,0,0,428.0,6.0,4,1
751.0,23.0,0,1.0,1,0,0,976.0,18.0,1,0
752.0,23.0,0,1.0,2,1,1,841.0,12.0,0,1
753.0,25.0,0,2.0,1,0,0,5771.0,30.0,5,1
754.0,55.0,1,2.0,0,3,0,1555.0,12.0,6,0
755.0,32.0,0,2.0,2,0,0,1285.0,24.0,1,0
756.0,74.0,1,0.0,1,0,2,1299.0,6.0,1,1
757.0,39.0,1,2.0,0,0,2,1271.0,15.0,5,0
758.0,31.0,1,2.0,1,0,0,1393.0,24.0,1,1
759.0,35.0,1,2.0,1,0,0,691.0,12.0,1,0
760.0,59.0,0,2.0,1,0,0,5045.0,15.0,1,1
761.0,24.0,0,2.0,2,0,0,2124.0,18.0,4,0
762.0,24.0,1,1.0,1,0,0,2214.0,12.0,5,1
763.0,30.0,1,3.0,0,0,0,12680.0,21.0,1,0
764.0,27.0,1,2.0,1,1,0,2463.0,24.0,1,1
765.0,40.0,1,1.0,1,0,1,1155.0,12.0,5,1
766.0,31.0,1,1.0,1,0,0,3108.0,30.0,4,0
767.0,31.0,0,2.0,2,0,0,2901.0,10.0,1,1
768.0,28.0,1,2.0,2,0,1,3617.0,12.0,4,1
769.0,63.0,1,1.0,1,0,0,1655.0,12.0,5,1
770.0,26.0,0,2.0,2,0,0,2812.0,24.0,1,1
771.0,25.0,0,3.0,1,0,0,8065.0,36.0,3,0
772.0,36.0,1,3.0,1,0,0,3275.0,21.0,1,1
773.0,52.0,1,2.0,1,1,0,2223.0,24.0,5,1
774.0,66.0,1,0.0,0,2,2,1480.0,12.0,1,1
775.0,25.0,0,2.0,2,0,0,1371.0,24.0,1,0
776.0,37.0,1,2.0,1,0,0,3535.0,36.0,1,1
777.0,25.0,0,2.0,1,0,0,3509.0,18.0,5,1
778.0,38.0,1,3.0,1,3,0,5711.0,36.0,1,1
779.0,67.0,0,2.0,1,0,1,3872.0,18.0,6,1
780.0,25.0,1,2.0,1,0,1,4933.0,39.0,5,0
781.0,60.0,1,2.0,1,3,0,1940.0,24.0,1,1
782.0,31.0,1,1.0,1,0,1,1410.0,12.0,3,1
783.0,23.0,0,1.0,1,1,1,836.0,12.0,1,0
784.0,60.0,1,3.0,1,0,1,6468.0,20.0,1,1
785.0,35.0,1,1.0,1,3,1,1941.0,18.0,0,1
786.0,40.0,1,2.0,1,2,0,2675.0,22.0,5,1
787.0,38.0,1,2.0,1,0,0,2751.0,48.0,1,1
788.0,50.0,1,2.0,0,0,1,6224.0,48.0,3,0
789.0,27.0,1,2.0,1,0,0,5998.0,40.0,3,0
790.0,39.0,0,2.0,1,0,1,1188.0,21.0,0,0
791.0,41.0,1,3.0,1,0,0,6313.0,24.0,1,1
792.0,27.0,1,2.0,1,0,0,1221.0,6.0,4,1
793.0,51.0,1,2.0,0,0,2,2892.0,24.0,4,1
794.0,32.0,1,2.0,2,2,0,3062.0,24.0,4,1
795.0,22.0,0,2.0,2,1,0,2301.0,9.0,4,1
796.0,51.0,1,2.0,0,0,0,7511.0,18.0,1,0
797.0,22.0,0,1.0,2,0,0,1258.0,12.0,4,1
798.0,54.0,1,2.0,1,0,0,717.0,24.0,1,1
799.0,35.0,1,0.0,1,0,1,1549.0,9.0,1,1
800.0,54.0,1,2.0,0,0,0,1597.0,24.0,3,1
801.0,48.0,0,1.0,2,0,1,1795.0,18.0,5,1
802.0,24.0,0,2.0,1,0,0,4272.0,20.0,4,1
803.0,35.0,1,2.0,1,0,0,976.0,12.0,5,1
804.0,24.0,0,0.0,2,0,1,7472.0,12.0,1,1
805.0,24.0,1,2.0,1,0,0,9271.0,36.0,1,0
806.0,26.0,1,1.0,1,0,1,590.0,6.0,5,1
807.0,65.0,1,2.0,1,0,0,930.0,12.0,5,1
808.0,55.0,1,3.0,0,0,1,9283.0,42.0,1,1
809.0,26.0,0,0.0,2,0,1,1778.0,15.0,1,0
810.0,26.0,1,2.0,1,0,1,907.0,8.0,0,1
811.0,28.0,1,1.0,1,0,1,484.0,6.0,5,1
812.0,24.0,1,2.0,1,0,0,9629.0,36.0,1,0
813.0,54.0,1,2.0,1,0,0,3051.0,48.0,2,0
814.0,46.0,1,2.0,0,0,0,3931.0,48.0,1,0
815.0,54.0,0,2.0,2,0,1,7432.0,36.0,1,1
816.0,62.0,1,2.0,1,2,0,1338.0,6.0,2,1
817.0,24.0,0,2.0,2,0,0,1554.0,6.0,5,1
818.0,43.0,1,3.0,1,0,0,15857.0,36.0,7,1
819.0,26.0,1,2.0,1,0,0,1345.0,18.0,5,0
820.0,27.0,1,2.0,1,0,0,1101.0,12.0,1,1
821.0,24.0,1,2.0,1,0,2,3016.0,12.0,5,1
822.0,41.0,1,2.0,1,0,0,2712.0,36.0,4,0
823.0,47.0,1,1.0,1,0,0,731.0,8.0,1,1
824.0,35.0,1,3.0,1,0,0,3780.0,18.0,4,1
825.0,30.0,1,2.0,1,0,0,1602.0,21.0,1,1
826.0,33.0,0,2.0,2,0,0,3966.0,18.0,1,0
827.0,36.0,1,2.0,1,0,0,4165.0,18.0,0,0
828.0,47.0,1,2.0,0,0,0,8335.0,36.0,1,0
829.0,38.0,1,2.0,0,0,1,6681.0,48.0,0,1
830.0,44.0,1,2.0,1,2,0,2375.0,24.0,0,1
831.0,23.0,0,2.0,2,0,0,1216.0,18.0,1,0
832.0,29.0,1,2.0,2,0,0,11816.0,45.0,0,0
833.0,42.0,0,2.0,1,0,1,5084.0,24.0,5,1
834.0,25.0,0,1.0,1,0,2,2327.0,15.0,5,0
835.0,48.0,1,2.0,1,0,0,1082.0,12.0,1,0
836.0,21.0,0,2.0,1,0,0,886.0,12.0,5,1
837.0,23.0,0,1.0,2,0,0,601.0,4.0,4,1
838.0,63.0,1,2.0,1,0,0,2957.0,24.0,1,1
839.0,46.0,1,2.0,1,0,0,2611.0,24.0,5,1
840.0,29.0,1,2.0,1,0,0,5179.0,36.0,4,0
841.0,28.0,1,1.0,1,0,0,2993.0,21.0,1,1
842.0,23.0,0,2.0,1,0,0,1943.0,18.0,6,0
843.0,50.0,1,2.0,1,0,0,1559.0,24.0,0,1
844.0,47.0,1,2.0,1,0,0,3422.0,18.0,4,1
845.0,35.0,1,2.0,1,0,1,3976.0,21.0,4,1
846.0,68.0,1,2.0,2,0,0,6761.0,18.0,1,0
847.0,28.0,1,2.0,1,0,0,1249.0,24.0,1,1
848.0,59.0,1,2.0,1,0,0,1364.0,9.0,5,1
849.0,57.0,1,1.0,1,0,0,709.0,12.0,5,0
850.0,33.0,1,2.0,2,0,0,2235.0,20.0,1,0
851.0,43.0,1,2.0,1,0,0,4042.0,24.0,1,1
852.0,35.0,1,2.0,0,0,0,1471.0,15.0,5,1
853.0,32.0,1,1.0,0,0,0,1442.0,18.0,1,0
854.0,45.0,1,2.0,1,0,0,10875.0,36.0,1,1
855.0,33.0,1,2.0,1,1,0,1474.0,24.0,1,1
856.0,40.0,0,2.0,1,0,0,894.0,10.0,3,1
857.0,28.0,1,2.0,0,0,0,3343.0,15.0,4,1
858.0,29.0,0,2.0,1,0,0,3959.0,15.0,1,0
859.0,26.0,1,2.0,2,1,0,3577.0,9.0,1,1
860.0,27.0,1,2.0,1,3,0,5804.0,24.0,1,1
861.0,28.0,1,2.0,1,0,0,2169.0,18.0,0,0
862.0,35.0,0,2.0,1,0,0,2439.0,24.0,5,0
863.0,32.0,1,1.0,1,3,0,4526.0,27.0,4,1
864.0,25.0,1,1.0,2,0,0,2210.0,10.0,4,0
865.0,20.0,0,2.0,2,2,0,2221.0,15.0,4,1
866.0,27.0,0,2.0,1,0,0,2389.0,18.0,5,1
867.0,42.0,1,2.0,1,0,0,3331.0,12.0,4,1
868.0,37.0,1,2.0,1,0,0,7409.0,36.0,0,1
869.0,24.0,0,2.0,2,0,0,652.0,12.0,4,1
870.0,40.0,0,2.0,1,2,0,7678.0,36.0,4,1
871.0,46.0,1,2.0,1,0,2,1343.0,6.0,1,1
872.0,26.0,1,2.0,1,1,0,1382.0,24.0,0,1
873.0,24.0,0,2.0,1,0,0,874.0,15.0,2,1
874.0,29.0,1,1.0,1,0,0,3590.0,12.0,4,1
875.0,40.0,0,2.0,1,3,1,1322.0,11.0,1,1
876.0,36.0,1,3.0,0,0,0,1940.0,18.0,5,1
877.0,28.0,1,2.0,1,0,0,3595.0,36.0,5,1
878.0,27.0,1,3.0,0,0,0,1422.0,9.0,1,0
879.0,36.0,1,2.0,1,0,0,6742.0,30.0,5,1
880.0,38.0,1,3.0,1,0,0,7814.0,24.0,1,1
881.0,48.0,1,2.0,0,0,0,9277.0,24.0,1,1
882.0,36.0,1,2.0,1,0,1,2181.0,30.0,1,1
883.0,65.0,0,0.0,1,0,0,1098.0,18.0,5,1
884.0,43.0,1,2.0,1,0,1,4057.0,24.0,4,0
885.0,53.0,0,2.0,1,0,0,795.0,12.0,3,0
886.0,34.0,1,2.0,1,0,1,2825.0,24.0,0,1
887.0,23.0,1,2.0,1,0,1,15672.0,48.0,0,0
888.0,34.0,1,3.0,1,0,0,6614.0,36.0,1,1
889.0,40.0,1,2.0,2,0,0,7824.0,28.0,1,1
890.0,43.0,1,3.0,1,0,0,2442.0,27.0,0,1
891.0,46.0,1,2.0,1,0,0,1829.0,15.0,5,1
892.0,38.0,1,1.0,1,0,0,2171.0,12.0,1,1
893.0,34.0,1,2.0,1,0,1,5800.0,36.0,1,1
894.0,29.0,1,2.0,1,0,0,1169.0,18.0,5,1
895.0,31.0,1,3.0,1,0,0,8947.0,36.0,1,1
896.0,28.0,0,3.0,2,0,0,2606.0,21.0,5,1
897.0,35.0,0,2.0,1,3,0,1592.0,12.0,4,1
898.0,33.0,0,1.0,2,0,0,2186.0,15.0,4,1
899.0,42.0,1,2.0,1,0,0,4153.0,18.0,4,0
900.0,43.0,1,2.0,2,0,0,2625.0,16.0,1,0
901.0,44.0,1,2.0,1,0,0,3485.0,20.0,1,1
902.0,42.0,1,2.0,0,0,0,10477.0,36.0,1,1
903.0,40.0,1,2.0,2,0,0,1386.0,15.0,5,1
904.0,36.0,1,3.0,1,0,0,1278.0,24.0,5,1
905.0,20.0,1,3.0,2,0,0,1107.0,12.0,5,1
906.0,24.0,1,1.0,1,0,0,3763.0,21.0,1,1
907.0,27.0,1,2.0,1,0,1,3711.0,36.0,3,1
908.0,46.0,0,1.0,1,0,0,3594.0,15.0,1,1
909.0,33.0,0,1.0,1,0,1,3195.0,9.0,1,1
910.0,34.0,0,2.0,1,0,0,4454.0,36.0,5,1
911.0,25.0,0,1.0,1,0,1,4736.0,24.0,4,0
912.0,25.0,0,2.0,1,0,1,2991.0,30.0,5,1
913.0,28.0,1,2.0,1,3,0,2142.0,11.0,0,1
914.0,31.0,1,2.0,2,0,0,3161.0,24.0,0,0
915.0,32.0,0,3.0,1,0,1,18424.0,48.0,7,0
916.0,32.0,1,2.0,1,1,0,2848.0,10.0,1,1
917.0,68.0,1,3.0,1,0,0,14896.0,6.0,1,0
918.0,33.0,1,2.0,1,1,0,2359.0,24.0,4,0
919.0,39.0,1,3.0,2,0,0,3345.0,24.0,4,0
920.0,28.0,0,2.0,1,0,0,1817.0,18.0,4,1
921.0,37.0,1,3.0,1,2,0,12749.0,48.0,5,1
922.0,22.0,0,2.0,2,0,0,1366.0,9.0,5,0
923.0,30.0,1,2.0,2,0,1,2002.0,12.0,1,1
924.0,55.0,1,2.0,1,0,0,6872.0,24.0,4,0
925.0,46.0,1,2.0,1,0,0,697.0,12.0,1,0
926.0,21.0,0,2.0,2,0,0,1049.0,18.0,4,1
927.0,39.0,1,2.0,0,0,0,10297.0,48.0,1,0
928.0,58.0,1,2.0,1,0,0,1867.0,30.0,5,1
929.0,43.0,1,1.0,1,0,0,1344.0,12.0,1,1
930.0,24.0,1,1.0,1,0,0,1747.0,24.0,4,1
931.0,22.0,0,2.0,1,0,1,1670.0,9.0,5,0
932.0,30.0,1,2.0,1,0,0,1224.0,9.0,1,1
933.0,42.0,1,2.0,1,2,0,522.0,12.0,5,1
934.0,23.0,0,2.0,1,0,0,1498.0,12.0,5,1
935.0,30.0,1,3.0,1,1,1,1919.0,30.0,5,0
936.0,28.0,0,1.0,1,0,2,745.0,9.0,5,0
937.0,30.0,1,3.0,2,0,1,2063.0,6.0,5,1
938.0,42.0,1,2.0,0,0,1,6288.0,60.0,3,0
939.0,46.0,1,3.0,1,0,0,6842.0,24.0,1,1
940.0,45.0,1,3.0,1,0,0,3527.0,12.0,1,1
941.0,31.0,1,1.0,1,0,0,1546.0,10.0,1,1
942.0,31.0,1,2.0,1,0,0,929.0,24.0,4,1
943.0,42.0,1,1.0,1,0,0,1455.0,4.0,1,1
944.0,46.0,0,2.0,2,0,0,1845.0,15.0,4,1
945.0,30.0,0,2.0,1,2,1,8358.0,48.0,1,1
946.0,30.0,1,2.0,0,2,0,3349.0,24.0,4,0
947.0,38.0,1,3.0,1,0,0,2859.0,12.0,1,1
948.0,43.0,1,1.0,1,0,0,1533.0,18.0,4,0
949.0,31.0,1,2.0,1,1,0,3621.0,24.0,5,0
950.0,40.0,1,0.0,1,0,1,3590.0,18.0,0,1
951.0,24.0,1,2.0,1,0,0,2145.0,36.0,0,0
952.0,28.0,0,2.0,2,2,1,4113.0,24.0,1,0
953.0,26.0,0,3.0,1,0,0,10974.0,36.0,4,0
954.0,29.0,0,2.0,1,0,0,1893.0,12.0,1,1
955.0,57.0,0,3.0,2,3,0,1231.0,24.0,5,1
956.0,49.0,1,1.0,1,0,2,3656.0,30.0,5,1
957.0,37.0,1,1.0,1,0,1,1154.0,9.0,5,1
958.0,45.0,1,1.0,1,0,0,4006.0,28.0,1,0
959.0,30.0,1,2.0,0,1,1,3069.0,24.0,4,1
960.0,30.0,1,2.0,2,0,0,1740.0,6.0,5,1
961.0,47.0,1,2.0,1,0,1,2353.0,21.0,1,1
962.0,29.0,1,2.0,1,0,0,3556.0,15.0,1,1
963.0,35.0,1,2.0,1,2,0,2397.0,24.0,5,0
964.0,22.0,1,1.0,1,0,1,454.0,6.0,6,1
965.0,26.0,0,2.0,1,0,1,1715.0,30.0,5,1
966.0,23.0,1,1.0,1,2,1,2520.0,27.0,5,0
967.0,54.0,0,3.0,2,0,0,3568.0,15.0,5,1
968.0,29.0,1,2.0,2,0,0,7166.0,42.0,5,1
969.0,40.0,1,1.0,1,0,0,3939.0,11.0,1,1
970.0,22.0,1,2.0,1,1,1,1514.0,15.0,6,1
971.0,43.0,1,1.0,1,0,0,7393.0,24.0,1,1
972.0,29.0,0,0.0,2,0,0,1193.0,24.0,1,0
973.0,36.0,1,2.0,2,0,0,7297.0,60.0,0,0
974.0,33.0,0,2.0,1,0,0,2831.0,30.0,5,1
975.0,57.0,0,1.0,1,2,2,1258.0,24.0,5,1
976.0,64.0,0,2.0,1,0,1,753.0,6.0,5,1
977.0,42.0,1,2.0,1,0,1,2427.0,18.0,0,1
978.0,47.0,1,1.0,1,0,0,2538.0,24.0,1,0
979.0,25.0,1,2.0,2,1,1,1264.0,15.0,1,0
980.0,49.0,1,2.0,1,0,1,8386.0,30.0,4,0
981.0,33.0,1,3.0,2,0,0,4844.0,48.0,0,0
982.0,28.0,0,3.0,1,1,2,2923.0,21.0,1,1
983.0,26.0,1,2.0,1,0,0,8229.0,36.0,1,0
984.0,30.0,1,1.0,1,0,0,2028.0,24.0,4,1
985.0,25.0,0,2.0,2,0,0,1433.0,15.0,4,1
986.0,33.0,1,2.0,1,0,2,6289.0,42.0,0,1
987.0,64.0,0,2.0,1,1,0,1409.0,13.0,5,1
988.0,29.0,1,3.0,0,0,0,6579.0,24.0,1,1
989.0,48.0,1,1.0,1,0,1,1743.0,24.0,5,1
990.0,37.0,1,1.0,1,0,0,3565.0,12.0,3,1
991.0,34.0,1,1.0,1,1,0,1569.0,15.0,5,1
992.0,23.0,1,1.0,2,0,0,1936.0,18.0,5,1
993.0,30.0,1,3.0,1,0,0,3959.0,36.0,4,1
994.0,50.0,1,2.0,1,0,0,2390.0,12.0,1,1
995.0,31.0,0,1.0,1,0,0,1736.0,12.0,4,1
996.0,40.0,1,3.0,1,0,0,3857.0,30.0,1,1
997.0,38.0,1,2.0,1,0,0,804.0,12.0,5,1
998.0,23.0,1,2.0,0,0,0,1845.0,45.0,5,0
999.0,27.0,1,2.0,1,1,1,4576.0,45.0,1,1
1000.0,29.0,1,1.0,1,0,1,2333.0,24.0,4,1
1001.0,30.0,1,3.0,1,0,1,5965.0,27.0,1,1
1002.0,25.0,1,2.0,1,0,0,1262.0,12.0,5,1
1003.0,31.0,1,2.0,1,0,0,3378.0,18.0,1,1
1004.0,57.0,1,2.0,0,0,1,2225.0,36.0,1,0
1005.0,26.0,1,1.0,1,0,0,783.0,6.0,1,1
1006.0,52.0,1,3.0,1,0,1,6468.0,12.0,5,0
1007.0,31.0,0,2.0,1,0,0,9566.0,36.0,5,1
1008.0,23.0,0,3.0,1,0,2,1961.0,18.0,1,1
1009.0,23.0,0,1.0,2,0,0,6229.0,36.0,4,0
1010.0,27.0,1,2.0,1,0,1,1391.0,9.0,0,1
1011.0,50.0,1,2.0,1,0,1,1537.0,15.0,5,1
1012.0,61.0,1,3.0,0,0,1,1953.0,36.0,0,0
1013.0,25.0,1,2.0,1,0,1,14421.0,48.0,0,0
1014.0,26.0,0,2.0,1,0,0,3181.0,24.0,5,1
1015.0,48.0,1,2.0,1,0,0,5190.0,27.0,6,1
1016.0,29.0,0,2.0,1,0,0,2171.0,12.0,5,1
1017.0,22.0,1,2.0,1,3,1,1007.0,12.0,1,1
1018.0,37.0,1,2.0,0,0,0,1819.0,36.0,3,0
1019.0,25.0,0,2.0,1,0,0,2394.0,36.0,5,1
1020.0,30.0,0,2.0,1,0,0,8133.0,36.0,1,1
1021.0,46.0,1,1.0,2,0,0,730.0,7.0,5,1
1022.0,51.0,1,3.0,0,0,0,1164.0,8.0,7,1
1023.0,41.0,0,1.0,1,0,1,5954.0,42.0,0,1
1024.0,40.0,1,3.0,1,0,0,1977.0,36.0,3,0
1025.0,66.0,1,3.0,0,0,0,1526.0,12.0,1,1
1026.0,34.0,1,2.0,1,0,0,3965.0,42.0,5,0
1027.0,51.0,1,2.0,1,0,1,4771.0,11.0,5,1
1028.0,39.0,1,1.0,1,0,0,9436.0,54.0,1,1
1029.0,22.0,1,2.0,1,0,1,3832.0,30.0,4,1
1030.0,44.0,0,2.0,1,0,0,5943.0,24.0,5,0
1031.0,47.0,1,2.0,1,2,0,1213.0,15.0,5,1
1032.0,24.0,0,1.0,2,1,0,1568.0,18.0,0,1
1033.0,58.0,0,1.0,1,0,0,1755.0,24.0,7,1
1034.0,52.0,1,1.0,1,0,0,2315.0,10.0,5,1
1035.0,29.0,0,3.0,1,0,0,1412.0,12.0,0,1
1036.0,27.0,0,2.0,1,0,1,1295.0,18.0,4,1
1037.0,47.0,1,2.0,0,1,1,12612.0,36.0,3,0
1038.0,30.0,1,3.0,1,1,0,2249.0,18.0,1,1
1039.0,28.0,1,2.0,1,0,0,1108.0,12.0,6,0
1040.0,56.0,1,2.0,1,0,0,618.0,12.0,5,1
1041.0,54.0,1,2.0,1,0,0,1414.0,12.0,1,1
1042.0,33.0,0,1.0,1,0,0,802.0,12.0,5,0
1043.0,20.0,1,2.0,2,0,2,3622.0,24.0,4,1
1044.0,54.0,1,2.0,1,3,1,1323.0,12.0,1,1
1045.0,58.0,1,2.0,2,0,1,15950.0,54.0,0,0
1046.0,61.0,0,2.0,1,0,0,2017.0,12.0,3,1
1047.0,34.0,1,2.0,1,1,1,2627.0,18.0,0,1
1048.0,36.0,1,2.0,1,0,1,2342.0,36.0,5,1
1049.0,36.0,1,3.0,2,0,1,7062.0,20.0,1,1
1050.0,41.0,1,1.0,2,1,0,1474.0,24.0,1,1
1051.0,24.0,1,2.0,2,0,1,2328.0,36.0,5,1
1052.0,24.0,0,2.0,1,0,0,937.0,6.0,5,1
1053.0,35.0,1,2.0,2,0,1,1924.0,9.0,4,1
1054.0,26.0,1,2.0,2,0,0,2450.0,12.0,1,1
1055.0,39.0,1,3.0,1,0,1,11943.0,24.0,7,0
1056.0,39.0,1,3.0,1,0,0,6463.0,18.0,1,0
1057.0,32.0,1,2.0,1,0,1,6083.0,12.0,1,1
1058.0,30.0,0,2.0,1,0,0,7726.0,24.0,4,1
1059.0,35.0,1,2.0,1,2,1,1415.0,14.0,0,1
1060.0,31.0,1,2.0,1,1,1,1454.0,6.0,0,1
1061.0,23.0,0,2.0,2,0,2,397.0,15.0,3,1
1062.0,28.0,1,1.0,2,0,1,6265.0,18.0,1,1
1063.0,25.0,0,2.0,1,0,0,7860.0,36.0,1,0
1064.0,35.0,1,2.0,1,2,0,1685.0,12.0,5,1
1065.0,47.0,1,2.0,1,0,0,3583.0,48.0,5,1
1066.0,30.0,0,3.0,1,0,0,7179.0,42.0,5,0
1067.0,27.0,0,2.0,2,0,0,2137.0,10.0,4,1
1068.0,23.0,0,2.0,1,2,0,4286.0,33.0,4,0
1069.0,36.0,1,3.0,1,2,1,2371.0,12.0,1,1
1070.0,25.0,0,2.0,1,0,0,1840.0,21.0,5,0
1071.0,41.0,0,3.0,2,0,0,3873.0,24.0,1,1
1072.0,24.0,1,1.0,2,0,0,1773.0,12.0,4,1
1073.0,63.0,1,2.0,0,0,2,786.0,10.0,1,1
1074.0,27.0,0,2.0,2,0,1,1929.0,18.0,4,0
1075.0,30.0,1,2.0,1,0,0,2126.0,12.0,1,1
1076.0,40.0,1,1.0,1,0,0,706.0,12.0,5,1
1077.0,30.0,1,2.0,1,0,1,644.0,12.0,6,0
1078.0,34.0,1,3.0,1,0,1,1865.0,12.0,1,1
1079.0,29.0,0,2.0,1,0,0,3504.0,12.0,1,0
1080.0,24.0,0,2.0,1,0,1,8492.0,48.0,1,1
1081.0,29.0,1,2.0,1,0,0,6892.0,36.0,3,0
1082.0,27.0,1,1.0,1,0,0,2713.0,15.0,4,1
1083.0,47.0,1,2.0,0,0,0,1989.0,18.0,4,1
1084.0,21.0,0,2.0,1,1,0,10149.0,60.0,5,1
1085.0,38.0,0,2.0,1,0,0,1245.0,12.0,5,1
1086.0,27.0,1,2.0,1,3,0,8618.0,27.0,1,1
1087.0,66.0,1,1.0,1,2,1,771.0,12.0,5,0
1088.0,35.0,1,2.0,1,0,1,2733.0,15.0,5,1
1089.0,44.0,0,1.0,2,0,2,1886.0,12.0,5,1
1090.0,27.0,1,0.0,1,3,2,714.0,6.0,1,1
1091.0,30.0,0,3.0,1,0,1,4800.0,36.0,5,1
1092.0,27.0,1,3.0,1,0,0,3421.0,27.0,5,1
1093.0,22.0,1,2.0,1,0,0,2467.0,18.0,4,0
1094.0,23.0,0,2.0,1,0,0,2293.0,21.0,4,1
1095.0,30.0,1,2.0,1,1,1,3571.0,48.0,0,1
1096.0,39.0,0,2.0,1,0,0,865.0,6.0,1,1
1097.0,51.0,0,2.0,1,1,0,687.0,12.0,1,1
1098.0,28.0,1,2.0,1,0,0,5376.0,36.0,4,1
1099.0,46.0,1,2.0,1,3,0,1587.0,18.0,5,1
1100.0,42.0,1,2.0,0,1,0,1351.0,6.0,5,1
1101.0,38.0,1,2.0,1,0,0,1929.0,10.0,5,1
1102.0,24.0,1,2.0,1,0,2,5853.0,36.0,5,1
1103.0,29.0,0,2.0,2,3,1,7763.0,24.0,1,1
1104.0,36.0,1,3.0,2,1,1,6972.0,24.0,0,1
1105.0,20.0,0,2.0,2,0,0,1287.0,12.0,4,0
1106.0,48.0,1,2.0,1,1,0,1293.0,9.0,6,1
1107.0,45.0,1,1.0,1,0,0,344.0,12.0,3,1
1108.0,38.0,1,2.0,1,1,1,3517.0,24.0,1,1
1109.0,34.0,1,1.0,1,0,0,1903.0,6.0,5,1
1110.0,36.0,1,2.0,1,1,0,2877.0,24.0,5,1
1111.0,30.0,0,2.0,1,0,0,1060.0,18.0,1,1
1112.0,36.0,1,2.0,1,2,0,1267.0,15.0,2,1
1113.0,70.0,1,3.0,0,0,1,7313.0,10.0,1,1
1114.0,36.0,1,2.0,1,2,0,914.0,36.0,1,1
1115.0,32.0,1,2.0,1,2,0,2983.0,6.0,4,1
1116.0,33.0,0,2.0,1,0,0,1136.0,18.0,4,0
1117.0,20.0,0,2.0,1,3,1,1582.0,11.0,4,1
1118.0,25.0,0,2.0,2,0,0,3977.0,24.0,4,1
1119.0,31.0,1,2.0,1,0,1,1940.0,24.0,0,0
1120.0,33.0,1,2.0,2,0,0,955.0,15.0,1,0
1121.0,26.0,0,2.0,1,0,0,768.0,12.0,4,1
1122.0,34.0,0,3.0,1,0,1,2069.0,24.0,4,0
1123.0,33.0,1,2.0,1,0,1,1419.0,8.0,5,1
1124.0,26.0,1,2.0,1,0,0,3419.0,21.0,3,0
1125.0,53.0,0,3.0,1,0,0,7490.0,30.0,1,0
1126.0,42.0,1,2.0,1,0,0,2582.0,12.0,4,1
1127.0,52.0,1,2.0,1,2,0,343.0,6.0,5,1
1128.0,31.0,1,3.0,2,0,0,1968.0,12.0,5,1
1129.0,65.0,1,2.0,1,0,0,576.0,21.0,1,1
1130.0,28.0,1,2.0,1,0,0,9577.0,36.0,0,0
1131.0,30.0,1,3.0,1,0,1,4460.0,36.0,0,0
1132.0,40.0,1,1.0,1,0,0,1652.0,21.0,1,0
1133.0,50.0,1,2.0,1,3,0,3782.0,24.0,4,1
1134.0,36.0,1,2.0,1,0,1,889.0,18.0,1,0
1135.0,31.0,1,2.0,1,0,0,1365.0,15.0,5,1
1136.0,74.0,0,3.0,0,0,1,5134.0,9.0,1,0
1137.0,68.0,1,0.0,0,0,1,1180.0,16.0,1,1
1138.0,20.0,1,2.0,1,1,0,679.0,12.0,5,0
1139.0,33.0,0,2.0,1,0,1,3249.0,18.0,4,1
1140.0,54.0,1,3.0,1,3,0,4596.0,24.0,0,0
1141.0,34.0,1,1.0,0,1,1,3849.0,48.0,0,0
1142.0,36.0,1,2.0,1,0,1,3920.0,27.0,0,0
1143.0,29.0,1,2.0,2,0,0,2113.0,6.0,5,1
1144.0,21.0,1,2.0,2,1,1,3036.0,45.0,5,0
1145.0,34.0,0,3.0,1,0,1,1506.0,9.0,3,0
1146.0,28.0,0,2.0,1,0,0,1387.0,6.0,5,1
1147.0,27.0,0,2.0,2,1,1,956.0,12.0,4,0
1148.0,36.0,1,2.0,0,0,1,2765.0,24.0,1,1
1149.0,40.0,1,3.0,1,0,1,4302.0,18.0,4,0
1150.0,52.0,1,2.0,1,2,0,941.0,9.0,3,1
1151.0,39.0,0,1.0,1,3,0,671.0,6.0,1,1
1152.0,46.0,0,1.0,1,0,2,2256.0,12.0,4,1
1153.0,24.0,0,2.0,1,0,1,2155.0,30.0,1,0
1154.0,35.0,1,2.0,1,1,0,4156.0,24.0,4,1
1155.0,24.0,1,2.0,1,0,1,2035.0,9.0,4,1
1156.0,27.0,1,1.0,1,0,1,7423.0,60.0,5,1
1157.0,35.0,1,1.0,1,0,0,2689.0,24.0,5,1
1158.0,29.0,1,2.0,0,0,0,2154.0,12.0,5,0
1159.0,23.0,0,2.0,1,1,0,3817.0,15.0,1,1
1160.0,57.0,0,1.0,1,1,0,1159.0,11.0,5,1
1161.0,27.0,1,2.0,1,0,0,1662.0,12.0,4,1
1162.0,55.0,0,2.0,1,0,0,1608.0,24.0,5,1
1163.0,36.0,1,3.0,0,0,0,5307.0,18.0,1,1
1164.0,57.0,0,1.0,0,0,0,2753.0,12.0,3,1
1165.0,32.0,1,1.0,1,0,0,1236.0,10.0,1,1
1166.0,37.0,1,2.0,1,0,1,807.0,15.0,5,0
1167.0,36.0,1,2.0,1,0,0,6309.0,36.0,0,1
1168.0,38.0,0,2.0,1,0,0,1538.0,24.0,5,1
1169.0,45.0,1,3.0,1,0,0,8983.0,14.0,1,0
1170.0,25.0,1,2.0,1,0,0,1004.0,24.0,5,1
1171.0,32.0,1,2.0,1,0,0,2667.0,18.0,1,1
1172.0,37.0,0,2.0,2,2,0,1407.0,12.0,4,1
1173.0,36.0,1,3.0,0,0,1,12174.0,48.0,1,1
1174.0,28.0,1,2.0,1,0,1,3065.0,48.0,5,0
1175.0,34.0,1,1.0,1,0,0,12003.0,30.0,6,0
1176.0,32.0,1,2.0,1,0,0,2702.0,9.0,5,1
1177.0,26.0,0,2.0,1,0,0,2409.0,18.0,5,1
1178.0,49.0,1,1.0,1,0,0,1267.0,12.0,4,1
1179.0,32.0,0,2.0,1,0,0,4616.0,6.0,4,0
1180.0,29.0,1,3.0,2,1,0,1906.0,24.0,5,1
1181.0,23.0,1,2.0,2,3,0,3373.0,15.0,1,1
1182.0,50.0,1,2.0,1,0,0,1579.0,12.0,4,1
1183.0,49.0,1,1.0,1,0,2,1450.0,18.0,5,1
1184.0,63.0,1,2.0,1,0,0,1525.0,15.0,4,1
1185.0,37.0,1,2.0,1,1,1,3883.0,24.0,1,1
1186.0,35.0,0,1.0,1,0,0,10727.0,47.0,1,1
1187.0,26.0,1,2.0,1,0,0,4793.0,48.0,1,1
1188.0,31.0,1,3.0,0,1,1,7587.0,48.0,7,1
1189.0,49.0,0,2.0,1,0,1,1097.0,12.0,5,1
1190.0,48.0,1,2.0,1,0,0,1029.0,24.0,5,0
1191.0,26.0,1,2.0,1,0,0,1081.0,12.0,0,1
1192.0,28.0,1,3.0,2,0,1,9403.0,36.0,1,0
1193.0,44.0,0,3.0,0,0,0,6424.0,24.0,1,1
1194.0,56.0,1,2.0,0,0,2,4801.0,42.0,1,1
1195.0,46.0,1,3.0,1,0,0,7634.0,48.0,0,1
1196.0,26.0,0,2.0,1,0,1,9965.0,48.0,4,0
1197.0,20.0,0,2.0,2,0,0,4680.0,12.0,1,1
1198.0,45.0,1,1.0,1,0,0,1292.0,10.0,1,1
1199.0,43.0,1,2.0,1,0,0,2520.0,18.0,4,1
1200.0,32.0,1,2.0,1,3,1,2750.0,21.0,4,1
1201.0,54.0,0,0.0,1,0,0,677.0,6.0,1,1
1202.0,42.0,0,2.0,1,0,1,3809.0,36.0,5,0
1203.0,37.0,1,1.0,1,0,2,1349.0,24.0,1,0
1204.0,49.0,1,2.0,1,0,0,1043.0,10.0,1,1
1205.0,44.0,1,2.0,0,2,0,10132.0,48.0,1,0
1206.0,33.0,1,2.0,1,3,0,1548.0,6.0,4,1
1207.0,24.0,0,1.0,2,0,0,4816.0,30.0,1,1
1208.0,33.0,1,1.0,1,1,0,732.0,12.0,5,0
1209.0,24.0,0,2.0,1,0,1,1242.0,8.0,4,0
1210.0,22.0,1,1.0,2,0,1,281.0,9.0,1,1
1211.0,40.0,1,0.0,0,0,1,5386.0,48.0,7,1
1212.0,25.0,1,2.0,1,1,0,5516.0,24.0,4,1
1213.0,26.0,0,2.0,1,0,2,3754.0,24.0,4,1
1214.0,25.0,1,1.0,1,0,1,690.0,12.0,1,0
1215.0,29.0,1,1.0,1,0,2,1499.0,4.0,1,1
1216.0,31.0,1,2.0,1,0,0,2751.0,36.0,4,0
1217.0,38.0,1,1.0,1,0,0,713.0,12.0,4,1
1218.0,48.0,0,1.0,1,0,1,4356.0,24.0,4,1
1219.0,32.0,1,2.0,1,0,0,706.0,12.0,3,1
1220.0,27.0,0,1.0,1,0,0,3648.0,15.0,4,1
1221.0,28.0,1,3.0,1,0,1,4254.0,30.0,1,0
1222.0,32.0,1,2.0,1,0,0,1943.0,24.0,5,0
1223.0,34.0,1,3.0,0,0,0,2915.0,24.0,1,1
1224.0,28.0,1,2.0,1,3,0,2664.0,18.0,4,1
1225.0,36.0,0,2.0,1,0,0,1033.0,18.0,1,1
1226.0,39.0,1,1.0,1,0,0,3403.0,8.0,1,1
1227.0,49.0,1,2.0,2,0,0,5806.0,12.0,4,1
1228.0,34.0,0,2.0,1,3,0,1530.0,24.0,1,1
1229.0,31.0,1,2.0,1,0,2,4478.0,36.0,5,1
1230.0,28.0,1,2.0,1,0,1,1073.0,6.0,5,1
1231.0,75.0,1,3.0,0,0,0,6620.0,24.0,1,1
1232.0,30.0,0,2.0,1,1,0,1869.0,18.0,3,0
1233.0,24.0,0,3.0,1,1,1,7413.0,60.0,1,0
1234.0,24.0,0,1.0,2,1,0,11595.0,48.0,1,0
1235.0,23.0,1,2.0,2,0,0,4115.0,24.0,4,0
1236.0,44.0,1,3.0,2,0,0,3389.0,6.0,4,0
1237.0,23.0,0,1.0,1,0,1,2106.0,13.0,5,1
1238.0,24.0,0,2.0,2,0,0,1280.0,15.0,2,0
1239.0,28.0,1,2.0,1,0,0,4174.0,24.0,4,1
1240.0,31.0,1,1.0,1,0,1,1526.0,10.0,4,1
1241.0,24.0,0,2.0,0,0,1,5748.0,24.0,3,1
1242.0,26.0,0,1.0,2,0,0,3604.0,21.0,4,1
1243.0,25.0,1,2.0,2,2,1,3218.0,18.0,5,1
1244.0,34.0,1,3.0,1,0,1,4444.0,18.0,0,1
1245.0,38.0,1,1.0,1,0,2,3954.0,10.0,1,1
1246.0,44.0,0,1.0,1,0,0,1464.0,15.0,5,1
1247.0,24.0,1,2.0,1,0,1,887.0,13.0,5,1
1248.0,24.0,0,0.0,2,2,1,3763.0,24.0,5,1
1249.0,35.0,1,1.0,1,1,0,1748.0,6.0,0,1
1250.0,33.0,1,2.0,0,3,1,1141.0,9.0,3,0
1251.0,24.0,0,2.0,2,0,0,1241.0,9.0,2,1
1252.0,30.0,0,2.0,1,0,1,964.0,9.0,4,0
1253.0,39.0,1,3.0,1,0,0,3234.0,18.0,1,1
1254.0,29.0,1,2.0,2,0,0,6204.0,12.0,5,0
1255.0,47.0,1,2.0,0,2,0,732.0,10.0,3,1
1256.0,24.0,1,1.0,1,0,1,1251.0,24.0,1,0
1257.0,50.0,1,2.0,1,0,0,2336.0,12.0,5,1
1258.0,27.0,1,3.0,1,0,0,4468.0,36.0,5,0
1259.0,29.0,1,2.0,1,0,0,781.0,12.0,5,1
1260.0,24.0,0,2.0,2,0,0,2411.0,30.0,4,0
1261.0,62.0,1,2.0,0,0,1,1244.0,18.0,3,1
1262.0,38.0,1,3.0,1,0,2,3404.0,12.0,5,1
1263.0,37.0,0,2.0,1,0,2,2252.0,12.0,1,1
1264.0,22.0,1,2.0,2,0,0,1771.0,6.0,4,1
1265.0,26.0,1,0.0,1,0,0,2478.0,18.0,4,0
1266.0,37.0,1,2.0,1,0,0,1547.0,12.0,0,1
1267.0,28.0,1,2.0,1,0,0,3855.0,18.0,1,1
1268.0,23.0,0,2.0,2,0,0,3655.0,18.0,4,1
1269.0,43.0,1,2.0,1,0,0,3451.0,36.0,4,0
1270.0,41.0,0,2.0,2,0,1,3006.0,18.0,4,1
1271.0,37.0,1,2.0,1,0,0,3084.0,36.0,1,1
1272.0,34.0,1,2.0,1,0,0,6075.0,18.0,5,1
1273.0,24.0,0,2.0,2,0,0,2151.0,10.0,4,1
1274.0,64.0,1,3.0,0,0,0,13761.0,60.0,1,1
1275.0,61.0,0,3.0,0,1,1,14787.0,60.0,7,0
1276.0,38.0,0,2.0,2,0,0,7690.0,48.0,0,0
1277.0,35.0,1,2.0,1,0,0,2325.0,18.0,5,1
1278.0,37.0,1,2.0,0,0,0,851.0,7.0,5,1
1279.0,58.0,1,3.0,0,0,1,14323.0,36.0,1,0
1280.0,53.0,0,1.0,1,1,0,367.0,6.0,1,1
1281.0,40.0,1,2.0,1,0,0,2217.0,20.0,4,1
1282.0,39.0,0,3.0,0,0,1,12981.0,18.0,1,0
1283.0,26.0,0,2.0,2,0,0,1288.0,22.0,1,1
1284.0,27.0,1,2.0,1,0,2,1335.0,12.0,1,1
1285.0,27.0,1,1.0,1,1,0,4277.0,30.0,0,1
1286.0,26.0,0,2.0,1,0,0,2243.0,18.0,5,1
1287.0,22.0,0,2.0,2,0,0,1131.0,18.0,5,1
1288.0,41.0,1,3.0,1,0,1,7379.0,18.0,4,1
1289.0,28.0,1,2.0,1,2,1,2331.0,15.0,0,1
1290.0,28.0,0,2.0,1,0,0,1454.0,9.0,0,1
1291.0,31.0,1,3.0,1,0,0,1825.0,18.0,1,1
1292.0,20.0,0,1.0,2,3,1,988.0,12.0,4,1
1293.0,40.0,1,3.0,0,0,0,3254.0,36.0,1,1
1294.0,32.0,0,2.0,1,0,0,1962.0,6.0,5,1
1295.0,32.0,1,3.0,1,0,0,2411.0,9.0,4,1
1296.0,33.0,1,2.0,2,1,1,11765.0,39.0,3,1
1297.0,56.0,0,3.0,0,0,0,2583.0,12.0,4,1
1298.0,47.0,1,2.0,1,0,0,2353.0,36.0,4,1
1299.0,47.0,1,2.0,2,0,1,1228.0,12.0,1,0
1300.0,44.0,0,1.0,1,3,0,1521.0,24.0,5,1
1301.0,40.0,1,2.0,1,0,0,1478.0,18.0,5,1
1302.0,29.0,1,2.0,1,0,1,1892.0,18.0,0,1
1303.0,28.0,1,2.0,1,0,0,8653.0,24.0,0,0
1304.0,28.0,1,1.0,1,0,0,807.0,14.0,1,1
1305.0,44.0,1,2.0,1,0,1,2904.0,18.0,1,1
1306.0,23.0,1,2.0,1,0,1,2044.0,24.0,5,0
1307.0,44.0,1,2.0,1,0,0,2202.0,24.0,1,1
1308.0,28.0,1,2.0,1,0,0,1058.0,15.0,5,1
1309.0,27.0,1,3.0,1,2,0,3240.0,24.0,5,1
1310.0,29.0,1,2.0,1,2,2,944.0,12.0,1,0
1311.0,21.0,0,2.0,1,0,1,1972.0,24.0,5,1
1312.0,36.0,1,3.0,1,0,0,7258.0,33.0,1,1
1313.0,31.0,0,3.0,1,0,1,5101.0,48.0,4,0
1314.0,42.0,0,1.0,2,0,0,1249.0,9.0,3,1
1315.0,35.0,0,2.0,1,0,0,1847.0,36.0,1,0
1316.0,36.0,1,2.0,1,0,1,2581.0,7.0,5,1
1317.0,56.0,0,3.0,1,0,2,1429.0,12.0,4,1
1318.0,62.0,1,2.0,1,3,1,1517.0,15.0,6,0
1319.0,31.0,1,3.0,1,0,0,11059.0,36.0,1,1
1320.0,30.0,0,2.0,1,0,0,523.0,6.0,5,1
1321.0,35.0,1,2.0,1,0,0,2764.0,12.0,4,1
1322.0,36.0,1,3.0,1,0,0,2675.0,24.0,1,1
1323.0,32.0,1,2.0,1,0,0,4822.0,24.0,1,0
1324.0,30.0,0,3.0,1,0,0,2684.0,24.0,1,1
1325.0,37.0,1,2.0,2,0,0,3910.0,11.0,1,1
1326.0,36.0,1,2.0,0,0,0,3391.0,12.0,1,0
1327.0,28.0,0,2.0,1,0,0,348.0,6.0,2,1
1328.0,33.0,1,2.0,1,0,0,4599.0,18.0,5,1
1329.0,38.0,1,2.0,1,0,0,3625.0,36.0,4,1
1330.0,37.0,1,2.0,1,0,0,1726.0,15.0,1,1
1331.0,35.0,0,3.0,2,0,1,3022.0,12.0,4,1
1332.0,39.0,1,2.0,1,0,1,759.0,12.0,3,1
1333.0,35.0,1,2.0,1,0,0,1955.0,18.0,0,1
1334.0,64.0,1,2.0,1,0,0,2929.0,24.0,1,1
1335.0,30.0,0,1.0,2,0,0,1664.0,24.0,5,0
1336.0,33.0,1,2.0,1,0,0,7243.0,48.0,5,1
1337.0,27.0,0,2.0,1,0,0,2769.0,33.0,0,1
1338.0,36.0,1,1.0,1,0,0,4684.0,24.0,1,1
1339.0,23.0,1,2.0,2,1,1,3097.0,24.0,5,0
1340.0,24.0,0,2.0,1,0,0,453.0,6.0,3,0
1341.0,29.0,1,1.0,1,0,0,659.0,9.0,1,0
1342.0,37.0,1,3.0,1,0,0,1243.0,6.0,3,1
1343.0,34.0,1,2.0,1,0,1,1250.0,18.0,5,0
1344.0,27.0,0,2.0,2,0,0,3119.0,18.0,4,0
1345.0,25.0,1,2.0,1,2,0,2574.0,39.0,1,1
1346.0,26.0,1,2.0,1,0,2,5157.0,24.0,5,1
1347.0,40.0,1,1.0,1,1,1,1042.0,12.0,0,1
1348.0,45.0,1,2.0,1,0,0,1483.0,15.0,4,1
1349.0,24.0,0,1.0,1,0,1,3578.0,12.0,5,1
1350.0,27.0,1,2.0,1,0,1,1206.0,24.0,1,1
1351.0,58.0,0,2.0,2,3,0,3627.0,30.0,4,1
1352.0,31.0,0,2.0,1,3,0,965.0,15.0,4,1
1353.0,45.0,1,2.0,1,2,0,1168.0,12.0,1,1
1354.0,48.0,1,3.0,1,0,1,1214.0,6.0,1,0
1355.0,53.0,1,2.0,1,0,0,3082.0,12.0,5,1
1356.0,63.0,0,2.0,0,0,0,3762.0,24.0,1,1
1357.0,36.0,1,1.0,2,1,0,1423.0,10.0,1,1
1358.0,27.0,1,2.0,2,0,0,3523.0,6.0,1,1
1359.0,27.0,1,2.0,1,0,0,1939.0,12.0,5,1
1360.0,43.0,0,3.0,0,0,1,8323.0,27.0,0,0
1361.0,28.0,0,2.0,1,1,0,1242.0,6.0,5,1
1362.0,39.0,1,2.0,1,0,1,373.0,6.0,5,1
1363.0,40.0,1,1.0,2,0,0,2127.0,12.0,1,1
1364.0,21.0,1,2.0,1,0,0,3001.0,24.0,4,0
1365.0,30.0,1,3.0,2,1,1,9039.0,36.0,4,0
1366.0,41.0,1,2.0,1,0,0,1590.0,24.0,4,1
1367.0,33.0,1,1.0,1,0,1,1306.0,18.0,5,1
1368.0,29.0,1,2.0,1,1,2,1328.0,6.0,1,1
1369.0,28.0,0,2.0,1,0,0,3128.0,24.0,1,0
1370.0,43.0,1,2.0,0,0,0,5498.0,36.0,1,1
1371.0,50.0,1,2.0,1,1,2,1131.0,9.0,5,1
1372.0,39.0,1,2.0,1,1,1,1221.0,24.0,5,0
1373.0,25.0,0,2.0,2,0,0,1212.0,24.0,1,0
1374.0,28.0,1,1.0,1,0,0,1314.0,10.0,1,0
1375.0,37.0,1,2.0,1,2,2,2365.0,15.0,1,1
1376.0,35.0,1,3.0,1,1,1,6855.0,15.0,1,0
1377.0,29.0,1,2.0,1,0,0,1418.0,24.0,5,1
1378.0,46.0,1,3.0,1,1,0,8593.0,39.0,1,1
1379.0,27.0,1,2.0,1,0,0,764.0,12.0,1,0
1380.0,33.0,1,3.0,0,0,0,4691.0,36.0,1,1
1381.0,27.0,1,2.0,2,0,2,2692.0,15.0,0,1
1382.0,21.0,1,2.0,2,0,1,590.0,12.0,5,1
1383.0,55.0,1,2.0,1,0,0,2260.0,24.0,1,1
1384.0,38.0,0,2.0,1,0,0,614.0,6.0,1,1
1385.0,41.0,1,1.0,1,0,0,1366.0,6.0,1,1
1386.0,24.0,0,2.0,2,0,0,7132.0,36.0,4,0
1387.0,44.0,1,2.0,1,1,0,1208.0,6.0,1,1
1388.0,37.0,1,2.0,0,0,0,705.0,6.0,5,1
1389.0,45.0,1,2.0,0,0,0,5512.0,24.0,6,1
1390.0,25.0,0,2.0,1,0,0,3195.0,18.0,5,0
1391.0,54.0,1,2.0,0,0,0,7124.0,48.0,4,0
1392.0,24.0,0,2.0,1,1,0,3493.0,24.0,1,1
1393.0,27.0,0,1.0,1,0,1,1118.0,18.0,5,1
1394.0,31.0,1,2.0,1,0,1,7971.0,26.0,1,1
1395.0,32.0,0,2.0,1,1,0,1537.0,15.0,3,1
1396.0,43.0,1,1.0,1,0,0,1508.0,4.0,5,1
1397.0,32.0,1,2.0,2,0,0,2307.0,36.0,5,0
1398.0,42.0,1,1.0,1,0,0,667.0,6.0,1,1
1399.0,33.0,1,2.0,1,0,1,2278.0,36.0,3,1
1400.0,29.0,0,2.0,2,1,1,2636.0,15.0,1,0
1401.0,42.0,1,2.0,2,0,0,1508.0,12.0,1,1
1402.0,27.0,1,2.0,1,1,0,1318.0,24.0,5,1
1403.0,26.0,1,2.0,1,0,0,3112.0,24.0,5,1
1404.0,34.0,1,2.0,2,0,2,2326.0,21.0,3,0
1405.0,76.0,0,3.0,1,0,0,1381.0,6.0,1,1
1406.0,38.0,0,2.0,1,0,1,3619.0,18.0,4,1
1407.0,43.0,1,3.0,0,0,0,7770.0,48.0,1,0
1408.0,46.0,0,1.0,1,0,2,3056.0,18.0,4,1
1409.0,24.0,1,2.0,2,0,1,1541.0,12.0,5,0
1410.0,61.0,1,2.0,0,0,0,2039.0,24.0,1,1
1411.0,32.0,1,2.0,1,0,0,6357.0,30.0,4,0
1412.0,35.0,1,1.0,1,0,2,2871.0,18.0,4,0
1413.0,62.0,1,1.0,1,0,0,1262.0,12.0,1,1
1414.0,44.0,1,2.0,0,0,0,1340.0,24.0,1,0
1415.0,38.0,0,2.0,1,0,0,2029.0,24.0,1,1
1416.0,33.0,1,2.0,1,0,0,1559.0,24.0,5,1
1417.0,25.0,0,1.0,1,0,0,633.0,12.0,5,0
1418.0,36.0,1,2.0,0,0,0,8865.0,48.0,1,1
1419.0,24.0,0,2.0,1,0,0,1003.0,12.0,6,1
1420.0,46.0,1,1.0,1,2,0,1757.0,6.0,5,1
1421.0,35.0,1,2.0,1,0,0,7006.0,48.0,5,0
1422.0,28.0,1,2.0,1,1,1,2002.0,12.0,1,1
1423.0,68.0,0,3.0,1,0,1,1206.0,9.0,3,1
1424.0,23.0,1,2.0,1,0,1,1338.0,12.0,5,0
1425.0,29.0,0,2.0,1,1,1,2285.0,18.0,1,0
1426.0,30.0,0,2.0,1,0,0,5010.0,21.0,1,0
1427.0,28.0,1,2.0,1,0,0,3559.0,24.0,4,0
1428.0,32.0,1,1.0,1,0,1,1935.0,18.0,4,0
1429.0,50.0,1,2.0,0,0,0,2971.0,24.0,1,1
1430.0,25.0,1,1.0,2,0,0,1553.0,24.0,5,0
1431.0,30.0,0,2.0,1,0,2,690.0,6.0,5,1
1432.0,38.0,1,2.0,0,0,1,12396.0,36.0,1,0
1433.0,38.0,1,3.0,1,0,1,4719.0,24.0,0,1
1434.0,24.0,0,2.0,2,1,1,1560.0,24.0,5,1
1435.0,37.0,1,2.0,1,0,0,1379.0,12.0,1,0
1436.0,35.0,1,2.0,1,3,0,2585.0,24.0,5,1
1437.0,42.0,1,2.0,1,0,1,3986.0,48.0,5,1
1438.0,32.0,0,2.0,1,0,0,6765.0,48.0,5,0
1439.0,24.0,0,1.0,2,0,0,3241.0,24.0,4,0
1440.0,39.0,1,2.0,1,0,0,5961.0,30.0,5,1
1441.0,27.0,0,3.0,2,0,0,5440.0,24.0,1,1
1442.0,23.0,0,1.0,1,0,0,813.0,15.0,0,1
1443.0,28.0,1,1.0,1,0,1,1089.0,9.0,5,1
1444.0,25.0,0,2.0,1,0,0,2795.0,15.0,4,1
1445.0,28.0,0,2.0,1,0,1,2937.0,12.0,5,1
1446.0,34.0,0,2.0,1,0,0,1934.0,24.0,3,1
1447.0,28.0,1,2.0,1,0,1,2827.0,36.0,1,0
1448.0,28.0,1,1.0,1,0,0,944.0,24.0,3,1
1449.0,31.0,1,2.0,1,0,1,1063.0,18.0,1,0
1450.0,50.0,1,1.0,1,0,1,3131.0,12.0,1,1
1451.0,27.0,0,2.0,2,0,0,1395.0,9.0,4,1
1452.0,34.0,1,1.0,2,0,1,2391.0,36.0,6,0
1453.0,53.0,0,3.0,0,0,0,2140.0,12.0,1,1
1454.0,21.0,0,2.0,2,0,0,2046.0,18.0,4,0
1455.0,37.0,1,2.0,2,0,0,2806.0,9.0,1,1
1456.0,22.0,1,1.0,1,0,0,1296.0,12.0,4,1
1457.0,48.0,1,1.0,1,0,0,1224.0,18.0,2,0
1458.0,61.0,1,2.0,1,0,0,2253.0,12.0,4,0
1459.0,59.0,0,1.0,1,0,0,392.0,12.0,5,1
1460.0,43.0,0,2.0,2,0,1,1972.0,24.0,1,1
1461.0,37.0,0,1.0,1,3,0,1579.0,21.0,0,1
1462.0,21.0,0,1.0,2,0,1,2725.0,24.0,1,0
1463.0,41.0,1,3.0,1,0,0,1365.0,24.0,7,0
1464.0,33.0,0,1.0,1,1,1,938.0,6.0,1,0
1465.0,28.0,0,0.0,1,0,0,757.0,18.0,3,0
1466.0,39.0,1,1.0,1,0,1,1315.0,15.0,6,1
1467.0,41.0,1,3.0,1,1,0,4630.0,15.0,3,0
1468.0,33.0,1,2.0,1,0,0,1858.0,24.0,5,1
1469.0,32.0,1,3.0,1,0,0,1887.0,18.0,5,1
1470.0,27.0,1,2.0,2,0,0,7987.0,36.0,0,0
1471.0,32.0,1,2.0,1,0,0,4590.0,30.0,4,1
1472.0,26.0,0,2.0,1,2,0,1393.0,12.0,1,0
1473.0,38.0,1,2.0,0,0,2,954.0,24.0,1,0
1474.0,40.0,1,1.0,2,0,0,691.0,12.0,3,0
1475.0,50.0,1,3.0,0,0,0,7483.0,48.0,3,1
1476.0,37.0,1,1.0,1,0,1,1929.0,12.0,4,0
1477.0,45.0,1,2.0,1,0,0,2310.0,24.0,1,0
1478.0,42.0,1,3.0,1,1,1,8093.0,36.0,1,0
1479.0,35.0,1,2.0,1,0,0,2353.0,24.0,1,1
1480.0,22.0,1,2.0,0,0,0,3980.0,14.0,1,1
1481.0,41.0,1,1.0,1,0,1,895.0,12.0,1,0
1482.0,37.0,1,2.0,1,0,0,10229.0,48.0,5,1
1483.0,28.0,0,2.0,1,0,1,4228.0,30.0,0,1
1484.0,41.0,1,2.0,1,0,1,6368.0,18.0,4,1
1485.0,23.0,1,2.0,2,0,2,1304.0,12.0,5,1
1486.0,23.0,1,2.0,1,0,0,907.0,12.0,1,0
1487.0,50.0,1,2.0,1,0,0,2248.0,21.0,4,1
1488.0,35.0,1,3.0,1,0,1,1057.0,6.0,4,1
1489.0,50.0,0,1.0,1,0,2,1054.0,6.0,3,1
1490.0,27.0,1,3.0,1,0,0,6321.0,24.0,7,1
1491.0,34.0,1,2.0,1,3,1,3503.0,30.0,4,1
1492.0,27.0,0,2.0,1,0,0,3616.0,48.0,0,1
1493.0,43.0,1,2.0,2,0,0,4850.0,12.0,1,0
1494.0,47.0,1,2.0,1,0,2,3024.0,30.0,5,1
1495.0,27.0,1,1.0,1,1,0,4146.0,24.0,0,1
1496.0,31.0,1,2.0,1,1,0,5749.0,36.0,0,1
1497.0,42.0,1,3.0,1,0,0,10373.0,60.0,1,1
1498.0,24.0,1,2.0,1,2,0,2087.0,6.0,1,1
1499.0,41.0,1,1.0,1,2,0,2587.0,21.0,0,0
1500.0,26.0,0,3.0,2,0,0,4537.0,30.0,5,1
1501.0,33.0,1,2.0,1,0,0,5157.0,24.0,4,1
1502.0,24.0,1,2.0,1,1,1,5602.0,72.0,5,0
1503.0,64.0,1,1.0,2,0,0,2391.0,24.0,5,1
1504.0,26.0,0,2.0,1,0,0,1460.0,18.0,5,1
1505.0,56.0,0,2.0,1,0,0,1545.0,6.0,3,1
1506.0,37.0,1,2.0,0,0,0,2286.0,12.0,5,1
1507.0,33.0,1,2.0,1,0,0,1485.0,15.0,5,1
1508.0,47.0,1,2.0,0,0,0,5110.0,24.0,5,1
1509.0,31.0,1,1.0,1,1,1,9864.0,36.0,0,1
1510.0,34.0,1,2.0,0,0,0,6534.0,60.0,1,1
1511.0,27.0,1,2.0,1,0,2,1354.0,10.0,5,1
1512.0,30.0,1,2.0,0,1,1,2869.0,36.0,1,1
1513.0,35.0,1,2.0,1,1,0,2760.0,9.0,5,1
1514.0,31.0,1,2.0,1,3,0,3658.0,12.0,1,1
1515.0,25.0,1,2.0,1,0,0,982.0,15.0,4,1
1516.0,25.0,0,1.0,1,1,1,2638.0,15.0,6,1
1517.0,29.0,1,2.0,1,1,1,2903.0,24.0,5,1
1518.0,44.0,1,1.0,1,0,0,4723.0,6.0,1,1
1519.0,28.0,1,2.0,1,0,0,2291.0,24.0,5,1
1520.0,50.0,1,2.0,2,2,0,1243.0,6.0,1,1
1521.0,29.0,1,2.0,1,0,1,1110.0,12.0,5,1
1522.0,38.0,0,0.0,1,0,0,933.0,12.0,1,1
1523.0,24.0,1,2.0,1,0,0,1807.0,18.0,5,1
1524.0,40.0,1,3.0,2,0,2,1912.0,15.0,3,1
1525.0,29.0,0,1.0,2,2,0,1130.0,12.0,4,0
1526.0,46.0,1,2.0,0,0,0,6338.0,48.0,1,0
1527.0,47.0,0,2.0,0,1,2,1384.0,24.0,5,1
1528.0,41.0,1,2.0,1,1,1,2510.0,30.0,0,1
1529.0,32.0,0,2.0,1,0,1,2535.0,27.0,0,1
1530.0,35.0,0,2.0,0,2,0,5331.0,15.0,1,1
1531.0,24.0,1,2.0,1,1,1,6567.0,48.0,1,0
1532.0,25.0,0,2.0,2,0,1,2976.0,12.0,4,0
1533.0,25.0,0,2.0,1,0,1,1213.0,9.0,5,1
1534.0,37.0,1,1.0,1,0,1,2125.0,9.0,5,1
1535.0,32.0,1,3.0,1,2,0,636.0,18.0,5,1
1536.0,35.0,0,2.0,0,0,0,1205.0,6.0,3,0
1537.0,46.0,1,3.0,1,0,0,2483.0,21.0,1,1
1538.0,25.0,1,1.0,1,0,0,1145.0,9.0,5,1
1539.0,27.0,1,3.0,1,0,1,14034.0,60.0,1,0
1540.0,63.0,1,2.0,1,0,0,7603.0,30.0,1,1
1541.0,40.0,1,2.0,1,0,0,3084.0,30.0,5,1
1542.0,32.0,1,3.0,0,0,0,1512.0,18.0,5,1
1543.0,31.0,1,2.0,1,0,2,3155.0,24.0,5,1
1544.0,31.0,1,2.0,1,1,1,6155.0,20.0,1,1
1545.0,34.0,1,3.0,1,0,2,1344.0,9.0,5,0
1546.0,24.0,0,2.0,2,3,1,440.0,6.0,3,0
1547.0,24.0,0,1.0,1,0,0,1235.0,12.0,1,0
1548.0,66.0,0,1.0,1,2,1,797.0,9.0,5,1
1549.0,21.0,0,2.0,2,0,0,2577.0,27.0,1,0
1550.0,42.0,0,1.0,1,3,0,257.0,6.0,1,1
1551.0,48.0,1,1.0,1,2,0,1323.0,15.0,5,1
1552.0,26.0,0,2.0,2,0,0,1889.0,18.0,5,0
1553.0,60.0,0,2.0,2,0,1,6423.0,48.0,0,0
1554.0,37.0,1,2.0,1,3,2,1282.0,24.0,0,1
1555.0,34.0,1,2.0,1,0,1,6410.0,24.0,5,1
1556.0,22.0,1,1.0,2,0,0,1994.0,24.0,5,0
1557.0,45.0,0,1.0,1,0,1,767.0,8.0,5,1
1558.0,29.0,0,2.0,2,3,0,2610.0,24.0,1,1
1559.0,38.0,0,2.0,1,0,0,3387.0,4.0,1,1
1560.0,30.0,0,0.0,1,0,1,3997.0,36.0,2,1
1561.0,24.0,0,3.0,2,0,1,11567.0,24.0,1,0
1562.0,36.0,1,1.0,1,1,0,4387.0,18.0,1,1
1563.0,46.0,1,3.0,1,0,0,6768.0,6.0,1,1
1564.0,27.0,0,1.0,2,1,1,4287.0,30.0,0,0
1565.0,33.0,1,2.0,1,1,0,2332.0,24.0,1,1
1566.0,24.0,1,1.0,1,0,1,1055.0,10.0,5,1
1567.0,42.0,1,2.0,1,0,0,3167.0,21.0,5,1
1568.0,23.0,1,2.0,1,2,0,2490.0,24.0,4,1
1569.0,31.0,1,3.0,1,0,0,14186.0,39.0,4,1
1570.0,29.0,1,1.0,1,0,0,1804.0,13.0,0,1
1571.0,24.0,0,2.0,2,0,0,2518.0,15.0,1,1
1572.0,38.0,0,1.0,1,0,0,1281.0,12.0,1,0
1573.0,27.0,1,2.0,1,0,0,5255.0,21.0,1,1
1574.0,34.0,1,2.0,1,0,0,3036.0,15.0,1,1
1575.0,50.0,0,2.0,1,0,0,435.0,6.0,4,1
1576.0,24.0,0,1.0,1,0,0,983.0,18.0,1,0
1577.0,24.0,0,1.0,2,1,1,848.0,12.0,0,1
1578.0,26.0,0,2.0,1,0,0,5778.0,30.0,5,1
1579.0,56.0,1,2.0,0,3,0,1562.0,12.0,6,0
1580.0,33.0,0,2.0,2,0,0,1292.0,24.0,1,0
1581.0,75.0,1,0.0,1,0,2,1306.0,6.0,1,1
1582.0,40.0,1,2.0,0,0,2,1278.0,15.0,5,0
1583.0,32.0,1,2.0,1,0,0,1400.0,24.0,1,1
1584.0,36.0,1,2.0,1,0,0,698.0,12.0,1,0
1585.0,60.0,0,2.0,1,0,0,5052.0,15.0,1,1
1586.0,25.0,0,2.0,2,0,0,2131.0,18.0,4,0
1587.0,25.0,1,1.0,1,0,0,2221.0,12.0,5,1
1588.0,31.0,1,3.0,0,0,0,12687.0,21.0,1,0
1589.0,28.0,1,2.0,1,1,0,2470.0,24.0,1,1
1590.0,41.0,1,1.0,1,0,1,1162.0,12.0,5,1
1591.0,32.0,1,1.0,1,0,0,3115.0,30.0,4,0
1592.0,32.0,0,2.0,2,0,0,2908.0,10.0,1,1
1593.0,29.0,1,2.0,2,0,1,3624.0,12.0,4,1
1594.0,64.0,1,1.0,1,0,0,1662.0,12.0,5,1
1595.0,27.0,0,2.0,2,0,0,2819.0,24.0,1,1
1596.0,26.0,0,3.0,1,0,0,8072.0,36.0,3,0
1597.0,37.0,1,3.0,1,0,0,3282.0,21.0,1,1
1598.0,53.0,1,2.0,1,1,0,2230.0,24.0,5,1
1599.0,67.0,1,0.0,0,2,2,1487.0,12.0,1,1
1600.0,26.0,0,2.0,2,0,0,1378.0,24.0,1,0
1601.0,38.0,1,2.0,1,0,0,3542.0,36.0,1,1
1602.0,26.0,0,2.0,1,0,0,3516.0,18.0,5,1
1603.0,39.0,1,3.0,1,3,0,5718.0,36.0,1,1
1604.0,68.0,0,2.0,1,0,1,3879.0,18.0,6,1
1605.0,26.0,1,2.0,1,0,1,4940.0,39.0,5,0
1606.0,61.0,1,2.0,1,3,0,1947.0,24.0,1,1
1607.0,32.0,1,1.0,1,0,1,1417.0,12.0,3,1
1608.0,24.0,0,1.0,1,1,1,843.0,12.0,1,0
1609.0,61.0,1,3.0,1,0,1,6475.0,20.0,1,1
1610.0,36.0,1,1.0,1,3,1,1948.0,18.0,0,1
1611.0,41.0,1,2.0,1,2,0,2682.0,22.0,5,1
1612.0,39.0,1,2.0,1,0,0,2758.0,48.0,1,1
1613.0,51.0,1,2.0,0,0,1,6231.0,48.0,3,0
1614.0,28.0,1,2.0,1,0,0,6005.0,40.0,3,0
1615.0,40.0,0,2.0,1,0,1,1195.0,21.0,0,0
1616.0,42.0,1,3.0,1,0,0,6320.0,24.0,1,1
1617.0,28.0,1,2.0,1,0,0,1228.0,6.0,4,1
1618.0,52.0,1,2.0,0,0,2,2899.0,24.0,4,1
1619.0,33.0,1,2.0,2,2,0,3069.0,24.0,4,1
1620.0,23.0,0,2.0,2,1,0,2308.0,9.0,4,1
1621.0,52.0,1,2.0,0,0,0,7518.0,18.0,1,0
1622.0,23.0,0,1.0,2,0,0,1265.0,12.0,4,1
1623.0,55.0,1,2.0,1,0,0,724.0,24.0,1,1
1624.0,36.0,1,0.0,1,0,1,1556.0,9.0,1,1
1625.0,55.0,1,2.0,0,0,0,1604.0,24.0,3,1
1626.0,49.0,0,1.0,2,0,1,1802.0,18.0,5,1
1627.0,25.0,0,2.0,1,0,0,4279.0,20.0,4,1
1628.0,36.0,1,2.0,1,0,0,983.0,12.0,5,1
1629.0,25.0,0,0.0,2,0,1,7479.0,12.0,1,1
1630.0,25.0,1,2.0,1,0,0,9278.0,36.0,1,0
1631.0,27.0,1,1.0,1,0,1,597.0,6.0,5,1
1632.0,66.0,1,2.0,1,0,0,937.0,12.0,5,1
1633.0,56.0,1,3.0,0,0,1,9290.0,42.0,1,1
1634.0,27.0,0,0.0,2,0,1,1785.0,15.0,1,0
1635.0,27.0,1,2.0,1,0,1,914.0,8.0,0,1
1636.0,29.0,1,1.0,1,0,1,491.0,6.0,5,1
1637.0,25.0,1,2.0,1,0,0,9636.0,36.0,1,0
1638.0,55.0,1,2.0,1,0,0,3058.0,48.0,2,0
1639.0,47.0,1,2.0,0,0,0,3938.0,48.0,1,0
1640.0,55.0,0,2.0,2,0,1,7439.0,36.0,1,1
1641.0,63.0,1,2.0,1,2,0,1345.0,6.0,2,1
1642.0,25.0,0,2.0,2,0,0,1561.0,6.0,5,1
1643.0,44.0,1,3.0,1,0,0,15864.0,36.0,7,1
1644.0,27.0,1,2.0,1,0,0,1352.0,18.0,5,0
1645.0,28.0,1,2.0,1,0,0,1108.0,12.0,1,1
1646.0,25.0,1,2.0,1,0,2,3023.0,12.0,5,1
1647.0,42.0,1,2.0,1,0,0,2719.0,36.0,4,0
1648.0,48.0,1,1.0,1,0,0,738.0,8.0,1,1
1649.0,36.0,1,3.0,1,0,0,3787.0,18.0,4,1
1650.0,31.0,1,2.0,1,0,0,1609.0,21.0,1,1
1651.0,34.0,0,2.0,2,0,0,3973.0,18.0,1,0
1652.0,37.0,1,2.0,1,0,0,4172.0,18.0,0,0
1653.0,48.0,1,2.0,0,0,0,8342.0,36.0,1,0
1654.0,39.0,1,2.0,0,0,1,6688.0,48.0,0,1
1655.0,45.0,1,2.0,1,2,0,2382.0,24.0,0,1
1656.0,24.0,0,2.0,2,0,0,1223.0,18.0,1,0
1657.0,30.0,1,2.0,2,0,0,11823.0,45.0,0,0
1658.0,43.0,0,2.0,1,0,1,5091.0,24.0,5,1
1659.0,26.0,0,1.0,1,0,2,2334.0,15.0,5,0
1660.0,49.0,1,2.0,1,0,0,1089.0,12.0,1,0
1661.0,22.0,0,2.0,1,0,0,893.0,12.0,5,1
1662.0,24.0,0,1.0,2,0,0,608.0,4.0,4,1
1663.0,64.0,1,2.0,1,0,0,2964.0,24.0,1,1
1664.0,47.0,1,2.0,1,0,0,2618.0,24.0,5,1
1665.0,30.0,1,2.0,1,0,0,5186.0,36.0,4,0
1666.0,29.0,1,1.0,1,0,0,3000.0,21.0,1,1
1667.0,24.0,0,2.0,1,0,0,1950.0,18.0,6,0
1668.0,51.0,1,2.0,1,0,0,1566.0,24.0,0,1
1669.0,48.0,1,2.0,1,0,0,3429.0,18.0,4,1
1670.0,36.0,1,2.0,1,0,1,3983.0,21.0,4,1
1671.0,69.0,1,2.0,2,0,0,6768.0,18.0,1,0
1672.0,29.0,1,2.0,1,0,0,1256.0,24.0,1,1
1673.0,60.0,1,2.0,1,0,0,1371.0,9.0,5,1
1674.0,58.0,1,1.0,1,0,0,716.0,12.0,5,0
1675.0,34.0,1,2.0,2,0,0,2242.0,20.0,1,0
1676.0,44.0,1,2.0,1,0,0,4049.0,24.0,1,1
1677.0,36.0,1,2.0,0,0,0,1478.0,15.0,5,1
1678.0,33.0,1,1.0,0,0,0,1449.0,18.0,1,0
1679.0,46.0,1,2.0,1,0,0,10882.0,36.0,1,1
1680.0,34.0,1,2.0,1,1,0,1481.0,24.0,1,1
1681.0,41.0,0,2.0,1,0,0,901.0,10.0,3,1
1682.0,36.0,0,2.0,1,3,0,1599.0,12.0,4,1
1683.0,34.0,0,1.0,2,0,0,2193.0,15.0,4,1
1684.0,43.0,1,2.0,1,0,0,4160.0,18.0,4,0
1685.0,44.0,1,2.0,2,0,0,2632.0,16.0,1,0
1686.0,45.0,1,2.0,1,0,0,3492.0,20.0,1,1
1687.0,43.0,1,2.0,0,0,0,10484.0,36.0,1,1
1688.0,41.0,1,2.0,2,0,0,1393.0,15.0,5,1
1689.0,37.0,1,3.0,1,0,0,1285.0,24.0,5,1
1690.0,21.0,1,3.0,2,0,0,1114.0,12.0,5,1
1691.0,25.0,1,1.0,1,0,0,3770.0,21.0,1,1
1692.0,28.0,1,2.0,1,0,1,3718.0,36.0,3,1
1693.0,47.0,0,1.0,1,0,0,3601.0,15.0,1,1
1694.0,34.0,0,1.0,1,0,1,3202.0,9.0,1,1
1695.0,35.0,0,2.0,1,0,0,4461.0,36.0,5,1
1696.0,26.0,0,1.0,1,0,1,4743.0,24.0,4,0
1697.0,26.0,0,2.0,1,0,1,2998.0,30.0,5,1
1698.0,29.0,1,2.0,1,3,0,2149.0,11.0,0,1
1699.0,32.0,1,2.0,2,0,0,3168.0,24.0,0,0
1700.0,33.0,0,3.0,1,0,1,18431.0,48.0,7,0
1701.0,33.0,1,2.0,1,1,0,2855.0,10.0,1,1
1702.0,69.0,1,3.0,1,0,0,14903.0,6.0,1,0
1703.0,34.0,1,2.0,1,1,0,2366.0,24.0,4,0
1704.0,40.0,1,3.0,2,0,0,3352.0,24.0,4,0
1705.0,29.0,0,2.0,1,0,0,1824.0,18.0,4,1
1706.0,38.0,1,3.0,1,2,0,12756.0,48.0,5,1
1707.0,23.0,0,2.0,2,0,0,1373.0,9.0,5,0
1708.0,31.0,1,2.0,2,0,1,2009.0,12.0,1,1
1709.0,56.0,1,2.0,1,0,0,6879.0,24.0,4,0
1710.0,47.0,1,2.0,1,0,0,704.0,12.0,1,0
1711.0,22.0,0,2.0,2,0,0,1056.0,18.0,4,1
1712.0,40.0,1,2.0,0,0,0,10304.0,48.0,1,0
1713.0,59.0,1,2.0,1,0,0,1874.0,30.0,5,1
1714.0,44.0,1,1.0,1,0,0,1351.0,12.0,1,1
1715.0,25.0,1,1.0,1,0,0,1754.0,24.0,4,1
1716.0,23.0,0,2.0,1,0,1,1677.0,9.0,5,0
1717.0,31.0,1,2.0,1,0,0,1231.0,9.0,1,1
1718.0,43.0,1,2.0,1,2,0,529.0,12.0,5,1
1719.0,24.0,0,2.0,1,0,0,1505.0,12.0,5,1
1720.0,31.0,1,3.0,1,1,1,1926.0,30.0,5,0
1721.0,29.0,0,1.0,1,0,2,752.0,9.0,5,0
1722.0,31.0,1,3.0,2,0,1,2070.0,6.0,5,1
1723.0,43.0,1,2.0,0,0,1,6295.0,60.0,3,0
1724.0,47.0,1,3.0,1,0,0,6849.0,24.0,1,1
1725.0,46.0,1,3.0,1,0,0,3534.0,12.0,1,1
1726.0,32.0,1,1.0,1,0,0,1553.0,10.0,1,1
1727.0,32.0,1,2.0,1,0,0,936.0,24.0,4,1
1728.0,43.0,1,1.0,1,0,0,1462.0,4.0,1,1
1729.0,47.0,0,2.0,2,0,0,1852.0,15.0,4,1
1730.0,31.0,0,2.0,1,2,1,8365.0,48.0,1,1
1731.0,31.0,1,2.0,0,2,0,3356.0,24.0,4,0
1732.0,39.0,1,3.0,1,0,0,2866.0,12.0,1,1
1733.0,44.0,1,1.0,1,0,0,1540.0,18.0,4,0
1734.0,32.0,1,2.0,1,1,0,3628.0,24.0,5,0
1735.0,41.0,1,0.0,1,0,1,3597.0,18.0,0,1
1736.0,25.0,1,2.0,1,0,0,2152.0,36.0,0,0
1737.0,29.0,0,2.0,2,2,1,4120.0,24.0,1,0
1738.0,27.0,0,3.0,1,0,0,10981.0,36.0,4,0
1739.0,30.0,0,2.0,1,0,0,1900.0,12.0,1,1
1740.0,58.0,0,3.0,2,3,0,1238.0,24.0,5,1
1741.0,50.0,1,1.0,1,0,2,3663.0,30.0,5,1
1742.0,38.0,1,1.0,1,0,1,1161.0,9.0,5,1
1743.0,46.0,1,1.0,1,0,0,4013.0,28.0,1,0
1744.0,31.0,1,2.0,0,1,1,3076.0,24.0,4,1
1745.0,31.0,1,2.0,2,0,0,1747.0,6.0,5,1
1746.0,48.0,1,2.0,1,0,1,2360.0,21.0,1,1
1747.0,30.0,1,2.0,1,0,0,3563.0,15.0,1,1
1748.0,36.0,1,2.0,1,2,0,2404.0,24.0,5,0
1749.0,23.0,1,1.0,1,0,1,461.0,6.0,6,1
1750.0,27.0,0,2.0,1,0,1,1722.0,30.0,5,1
1751.0,24.0,1,1.0,1,2,1,2527.0,27.0,5,0
1752.0,55.0,0,3.0,2,0,0,3575.0,15.0,5,1
1753.0,30.0,1,2.0,2,0,0,7173.0,42.0,5,1
1754.0,41.0,1,1.0,1,0,0,3946.0,11.0,1,1
1755.0,23.0,1,2.0,1,1,1,1521.0,15.0,6,1
1756.0,44.0,1,1.0,1,0,0,7400.0,24.0,1,1
1757.0,30.0,0,0.0,2,0,0,1200.0,24.0,1,0
1758.0,37.0,1,2.0,2,0,0,7304.0,60.0,0,0
1759.0,34.0,0,2.0,1,0,0,2838.0,30.0,5,1
1760.0,58.0,0,1.0,1,2,2,1265.0,24.0,5,1
1761.0,65.0,0,2.0,1,0,1,760.0,6.0,5,1
1762.0,43.0,1,2.0,1,0,1,2434.0,18.0,0,1
1763.0,48.0,1,1.0,1,0,0,2545.0,24.0,1,0
1764.0,26.0,1,2.0,2,1,1,1271.0,15.0,1,0
1765.0,50.0,1,2.0,1,0,1,8393.0,30.0,4,0
1766.0,34.0,1,3.0,2,0,0,4851.0,48.0,0,0
1767.0,29.0,0,3.0,1,1,2,2930.0,21.0,1,1
1768.0,27.0,1,2.0,1,0,0,8236.0,36.0,1,0
1769.0,31.0,1,1.0,1,0,0,2035.0,24.0,4,1
1770.0,26.0,0,2.0,2,0,0,1440.0,15.0,4,1
1771.0,34.0,1,2.0,1,0,2,6296.0,42.0,0,1
1772.0,65.0,0,2.0,1,1,0,1416.0,13.0,5,1
1773.0,30.0,1,3.0,0,0,0,6586.0,24.0,1,1
1774.0,49.0,1,1.0,1,0,1,1750.0,24.0,5,1
1775.0,38.0,1,1.0,1,0,0,3572.0,12.0,3,1
1776.0,35.0,1,1.0,1,1,0,1576.0,15.0,5,1
1777.0,24.0,1,1.0,2,0,0,1943.0,18.0,5,1
1778.0,31.0,1,3.0,1,0,0,3966.0,36.0,4,1
1779.0,51.0,1,2.0,1,0,0,2397.0,12.0,1,1
1780.0,32.0,0,1.0,1,0,0,1743.0,12.0,4,1
1781.0,41.0,1,3.0,1,0,0,3864.0,30.0,1,1
1782.0,24.0,1,2.0,1,0,2,3920.0,36.0,5,1
1783.0,25.0,1,1.0,2,0,0,3028.0,24.0,4,1
1784.0,65.0,0,2.0,1,0,0,1371.0,10.0,1,1
1785.0,27.0,1,1.0,1,0,1,632.0,12.0,5,1
1786.0,24.0,0,2.0,2,0,0,1207.0,12.0,3,1
1787.0,31.0,1,2.0,1,0,0,714.0,12.0,5,1
1788.0,33.0,1,2.0,1,0,0,2985.0,24.0,0,1
1789.0,31.0,1,2.0,1,0,0,4664.0,15.0,1,1
1790.0,28.0,1,2.0,1,0,0,2620.0,36.0,6,1
1791.0,28.0,1,2.0,1,3,1,10968.0,48.0,5,0
1792.0,54.0,1,3.0,0,0,0,7872.0,12.0,4,0
1793.0,23.0,1,2.0,1,0,0,1485.0,9.0,5,0
1794.0,23.0,1,2.0,0,0,0,3156.0,24.0,4,1
1795.0,27.0,1,2.0,1,0,2,4217.0,36.0,5,0
1796.0,52.0,1,1.0,0,2,0,2514.0,9.0,1,1
1797.0,36.0,1,2.0,1,1,0,2148.0,12.0,5,1
1798.0,26.0,1,1.0,1,0,1,873.0,18.0,5,1
1799.0,43.0,1,1.0,1,0,0,1551.0,4.0,5,1
1800.0,31.0,1,3.0,1,0,0,1830.0,24.0,5,0
1801.0,24.0,1,0.0,1,0,1,14562.0,6.0,1,0
1802.0,62.0,1,1.0,2,1,1,2774.0,21.0,0,0
1803.0,36.0,0,2.0,1,0,0,1298.0,12.0,5,1
1804.0,40.0,1,2.0,1,0,0,2529.0,30.0,5,1
1805.0,30.0,0,2.0,1,0,0,922.0,24.0,1,0
1806.0,52.0,1,2.0,1,0,0,1602.0,6.0,5,1
1807.0,25.0,1,2.0,0,0,0,4612.0,48.0,1,0
1808.0,28.0,0,2.0,1,0,0,1192.0,12.0,0,1
1809.0,36.0,0,1.0,1,2,0,3454.0,12.0,3,1
1810.0,27.0,1,1.0,1,0,1,597.0,6.0,5,1
1811.0,66.0,1,2.0,1,0,0,937.0,12.0,5,1
1812.0,56.0,1,3.0,0,0,1,9290.0,42.0,1,1
1813.0,27.0,0,0.0,2,0,1,1785.0,15.0,1,0
1814.0,27.0,1,2.0,1,0,1,914.0,8.0,0,1
1815.0,29.0,1,1.0,1,0,1,491.0,6.0,5,1
1816.0,25.0,1,2.0,1,0,0,9636.0,36.0,1,0
1817.0,55.0,1,2.0,1,0,0,3058.0,48.0,2,0
1818.0,47.0,1,2.0,0,0,0,3938.0,48.0,1,0
1819.0,55.0,0,2.0,2,0,1,7439.0,36.0,1,1
1820.0,63.0,1,2.0,1,2,0,1345.0,6.0,2,1
1821.0,25.0,0,2.0,2,0,0,1561.0,6.0,5,1
1822.0,44.0,1,3.0,1,0,0,15864.0,36.0,7,1
1823.0,27.0,1,2.0,1,0,0,1352.0,18.0,5,0
1824.0,28.0,1,2.0,1,0,0,1108.0,12.0,1,1
1825.0,25.0,1,2.0,1,0,2,3023.0,12.0,5,1
1826.0,42.0,1,2.0,1,0,0,2719.0,36.0,4,0
1827.0,48.0,1,1.0,1,0,0,738.0,8.0,1,1
1828.0,36.0,1,3.0,1,0,0,3787.0,18.0,4,1
1829.0,31.0,1,2.0,1,0,0,1609.0,21.0,1,1
1830.0,34.0,0,2.0,2,0,0,3973.0,18.0,1,0
1831.0,37.0,1,2.0,1,0,0,4172.0,18.0,0,0
1832.0,48.0,1,2.0,0,0,0,8342.0,36.0,1,0
1833.0,39.0,1,2.0,0,0,1,6688.0,48.0,0,1
1834.0,45.0,1,2.0,1,2,0,2382.0,24.0,0,1
1835.0,24.0,0,2.0,2,0,0,1223.0,18.0,1,0
1836.0,30.0,1,2.0,2,0,0,11823.0,45.0,0,0
1837.0,43.0,0,2.0,1,0,1,5091.0,24.0,5,1
1838.0,26.0,0,1.0,1,0,2,2334.0,15.0,5,0
1839.0,49.0,1,2.0,1,0,0,1089.0,12.0,1,0
1840.0,22.0,0,2.0,1,0,0,893.0,12.0,5,1
1841.0,24.0,0,1.0,2,0,0,608.0,4.0,4,1
1842.0,64.0,1,2.0,1,0,0,2964.0,24.0,1,1
1843.0,47.0,1,2.0,1,0,0,2618.0,24.0,5,1
1844.0,30.0,1,2.0,1,0,0,5186.0,36.0,4,0
1845.0,29.0,1,1.0,1,0,0,3000.0,21.0,1,1
1846.0,24.0,0,2.0,1,0,0,1950.0,18.0,6,0
1847.0,51.0,1,2.0,1,0,0,1566.0,24.0,0,1
1848.0,48.0,1,2.0,1,0,0,3429.0,18.0,4,1
1849.0,36.0,1,2.0,1,0,1,3983.0,21.0,4,1
1850.0,69.0,1,2.0,2,0,0,6768.0,18.0,1,0
1851.0,29.0,1,2.0,1,0,0,1256.0,24.0,1,1
1852.0,60.0,1,2.0,1,0,0,1371.0,9.0,5,1
1853.0,58.0,1,1.0,1,0,0,716.0,12.0,5,0
1854.0,34.0,1,2.0,2,0,0,2242.0,20.0,1,0
1855.0,44.0,1,2.0,1,0,0,4049.0,24.0,1,1
1856.0,36.0,1,2.0,0,0,0,1478.0,15.0,5,1
1857.0,33.0,1,1.0,0,0,0,1449.0,18.0,1,0
1858.0,46.0,1,2.0,1,0,0,10882.0,36.0,1,1
1859.0,34.0,1,2.0,1,1,0,1481.0,24.0,1,1
1860.0,41.0,0,2.0,1,0,0,901.0,10.0,3,1
1861.0,29.0,1,2.0,0,0,0,3350.0,15.0,4,1
1862.0,30.0,0,2.0,1,0,0,3966.0,15.0,1,0
1863.0,27.0,1,2.0,2,1,0,3584.0,9.0,1,1
1864.0,28.0,1,2.0,1,3,0,5811.0,24.0,1,1
1865.0,29.0,1,2.0,1,0,0,2176.0,18.0,0,0
1866.0,36.0,0,2.0,1,0,0,2446.0,24.0,5,0
1867.0,33.0,1,1.0,1,3,0,4533.0,27.0,4,1
1868.0,26.0,1,1.0,2,0,0,2217.0,10.0,4,0
1869.0,21.0,0,2.0,2,2,0,2228.0,15.0,4,1
1870.0,28.0,0,2.0,1,0,0,2396.0,18.0,5,1
1871.0,43.0,1,2.0,1,0,0,3338.0,12.0,4,1
1872.0,38.0,1,2.0,1,0,0,7416.0,36.0,0,1
1873.0,25.0,0,2.0,2,0,0,659.0,12.0,4,1
1874.0,41.0,0,2.0,1,2,0,7685.0,36.0,4,1
1875.0,47.0,1,2.0,1,0,2,1350.0,6.0,1,1
1876.0,27.0,1,2.0,1,1,0,1389.0,24.0,0,1
1877.0,25.0,0,2.0,1,0,0,881.0,15.0,2,1
1878.0,30.0,1,1.0,1,0,0,3597.0,12.0,4,1
1879.0,41.0,0,2.0,1,3,1,1329.0,11.0,1,1
1880.0,37.0,1,3.0,0,0,0,1947.0,18.0,5,1
1881.0,29.0,1,2.0,1,0,0,3602.0,36.0,5,1
1882.0,28.0,1,3.0,0,0,0,1429.0,9.0,1,0
1883.0,37.0,1,2.0,1,0,0,6749.0,30.0,5,1
